gene,pos,Z_p_weiZ_num,Z_p_weiZ_den,Z_p,Z_empP_weiZ_num,Z_empP_weiZ_den,Z_empP,hits,SNPs,gene_start,gene_end,contig,env,max_WZA_snps,index,top_candidate_p,expected_hits
wasp_TRINITY_DN40157_c0_g1_i2.path1,638127.625,-1.259693814427031,0.7094614289673397,-1.7755634950593229,-1.5273075562202298,0.7094614289673397,-2.152770388720512,0,16,636516,641285,jcf7190000000004,AHM,42,,1.0,4.0
wasp_TRINITY_DN79989_c0_g1_i3.path1,343892.6923076923,-1.4173917296138603,0.6201452527520771,-2.2855802303150226,-1.6673998003898418,0.6201452527520771,-2.688724606034255,0,26,288727,436579,jcf7190000000004,AHM,42,,1.0,5.0
,238342.72222222222,-0.07803244845161608,0.4336841711748078,-0.1799292057172247,-0.24207411145059254,0.4336841711748078,-0.5581806474394433,0,18,238125,238693,jcf7190000000026,AHM,42,cyclic_GAZW02014058.1.path1,1.0,4.0
,328332.68852459016,0.1641237565099062,0.5313506085496579,0.3088803397777004,-0.08362732435789923,0.5313506085496579,-0.15738633401806626,2,61,327782,328778,jcf7190000000026,AHM,42,snc_TRINITY_DN234606_c0_g1_i3.path1,0.42352306210850904,7.0
,87395.14285714286,0.16074852524940078,0.5314775680745681,0.3024558982456381,-0.024503393682090976,0.5314775680745681,-0.04610428577608955,1,35,71999,93302,jcf7190000000026,AHM,42,wasp_TRINITY_DN74479_c0_g1_i1.path1,0.5664987590424907,6.0
,32351.0,,,,,,,0,1,31909,32410,jcf7190000000026,AHM,42,wasp_TRINITY_DN90707_c0_g1_i2.path1,1.0,1.0
"wasp_MSTRG.17.1_MSTRG.17.path1,wasp_TRINITY_DN49455_c0_g1_i4.path1",178177.0,1.4067433218674323,1.054041968509905,1.3346179411206367,0.7024952597963144,1.054041968509905,0.6664775035375766,0,42,177358,178855,jcf7190000000027,AHM,42,,1.0,6.0
snc_TRINITY_DN2399_c0_g1_i2.path1,87976.14285714286,0.9629273163518582,0.47625655521018173,2.021866798089317,0.7462745148580109,0.47625655521018173,1.56695904065544,2,21,86925,90086,jcf7190000000036,AHM,42,,0.08700844823249566,5.0
cyclic_GAZW02095103.1.path1,16570.942857142858,-0.31034647842012636,0.40800682722771503,-0.7606404052815448,-0.4033185961669905,0.40800682722771503,-0.9885094298725841,0,35,14143,17492,jcf7190000000037,AHM,42,,1.0,6.0
"cyclic_GFFY01005206.1.path1,cyclic_GFFY01004324.1.path1,cyclic_GFFY01004021.1.path1,snc_TRINITY_DN316_c0_g2_i1.path1,wasp_MSTRG.28.1_MSTRG.28.path1,cyclic_GAZW02095092.1.path1",43385.416666666664,0.3625197442792756,0.38420848398030055,0.9435495555008696,0.272589469753987,0.38420848398030055,0.7094832132024534,0,36,39236,47857,jcf7190000000037,AHM,42,,1.0,6.0
cyclic_GFFY01090468.1.path1,13116.733333333334,-0.13001292102695788,0.23142715766597954,-0.5617876585366288,-0.17524398862534957,0.23142715766597954,-0.757231737159735,0,15,12790,13430,jcf7190000000037,AHM,42,,1.0,4.0
snc_MSTRG.29.1_MSTRG.29.path1,19146.24096385542,-0.14247792815165305,0.6897508860607744,-0.20656432783342482,-0.42423811566125835,0.6897508860607744,-0.6150599067499835,0,83,17649,20604,jcf7190000000037,AHM,42,,1.0,9.0
cyclic_GAZW02044096.1.path1,846152.1142857143,-0.778876186263155,0.8015307659173273,-0.9717358576644968,-1.1196223236482867,0.8015307659173273,-1.3968550818718897,0,35,759982,935288,jcf7190000000043,AHM,42,,1.0,6.0
cyclic_GAZW02090626.1.path1,1030558.4285714285,0.11246508770534788,0.3433616531787724,0.32754119938603793,-0.0009229614689716774,0.3433616531787724,-0.002688015567338658,0,14,961196,1069414,jcf7190000000043,AHM,42,,1.0,4.0
snc_TRINITY_DN1316_c0_g5_i1.path1,202610.33333333334,0.26321820791229406,0.26769330979254524,0.9832827279706047,0.1958502568245373,0.26769330979254524,0.7316217838104199,0,6,202013,202805,jcf7190000000044,AHM,42,,1.0,3.0
snc_TRINITY_DN19911_c0_g1_i1.path1,48418.4,0.1042782295476623,0.22067716677253313,0.47253746761734045,0.050327441415213586,0.22067716677253313,0.2280591243365449,0,5,48314,48640,jcf7190000000044,AHM,42,,1.0,3.0
snc_TRINITY_DN41071_c0_g1_i1.path1,202978.625,0.9056564216456875,0.33674189398074744,2.689467624415828,0.7938101364790895,0.33674189398074744,2.3573251521964593,1,8,202819,203035,jcf7190000000044,AHM,42,,0.1739119028697953,3.0
"cyclic_GAZW02055092.1.path1,wasp_MSTRG.39.1_MSTRG.39.path1",25500.636363636364,2.302069106964054,0.6892501527438168,3.339961692862614,1.858346652452618,0.6892501527438168,2.6961860582181627,0,22,25095,26228,jcf7190000000048,AHM,42,,1.0,5.0
snc_TRINITY_DN935_c0_g1_i1.path1,638833.7291666666,-0.35084126041616437,0.518189425286054,-0.6770521421244574,-0.45755954046286107,0.518189425286054,-0.8829966767659844,1,48,638304,639361,jcf7190000000051,AHM,42,,0.6821968573502218,7.0
wasp_MSTRG.45.1_MSTRG.45.path1,747774.6046511628,-1.277612469704047,0.7138562396982913,-1.7897335607012768,-1.5364802149832444,0.7138562396982913,-2.1523664423422737,0,43,745266,748844,jcf7190000000051,AHM,42,,1.0,6.0
"wasp_MSTRG.48.2_MSTRG.48.path1,cyclic_GFFY01007307.1.path1,cyclic_GFFY01009494.1.path1,cyclic_GFFY01019597.1.path1",472892.4096385542,-0.21146805531822066,0.7598085785566594,-0.2783175411363842,-0.5029197334723485,0.7598085785566594,-0.6619032051832059,1,166,468924,476734,jcf7190000000051,AHM,42,,0.9810199625479048,13.0
