,top,FD_SNP_bayP,FD_SNP_uncor,FD_TC_bayP,FD_TC_uncor,FD_WZA_bayP,FD_WZA_empR,FD_WZA_uncor,PCE_SNP_bayP,PCE_SNP_uncor,PCE_TC_bayP,PCE_TC_uncor,PCE_WZA_bayP,PCE_WZA_empR,PCE_WZA_uncor,TP_SNP_bayP,TP_SNP_uncor,TP_TC_bayP,TP_TC_uncor,TP_WZA_bayP,TP_WZA_empR,TP_WZA_uncor,rep
0,1,0.75,0.8,0.85,0.35,0.8,0.2,0.35,0.04169275037005929,0.03752402201666148,0.01938086898079818,0.10692514026098847,0.02605520466900187,0.1202136532704678,0.09568338556192921,0.04234126984126983,0.03561507936507936,0.019642857142857142,0.10878968253968253,0.030535714285714288,0.12349206349206347,0.10087301587301586,mean
1,2,0.875,0.7,0.85,0.375,0.85,0.35,0.375,0.04169275037005929,0.09535151996426214,0.03571061449846015,0.1929656449788879,0.03906477867026108,0.19323674640567595,0.18255618666497084,0.04234126984126983,0.0955357142857143,0.038591269841269836,0.19666666666666668,0.04303571428571429,0.19666666666666668,0.18666666666666668,mean
2,3,0.9166666666666666,0.7499999999999999,0.8833333333333332,0.4833333333333333,0.8833333333333332,0.4,0.5,0.04169275037005929,0.11238433294130683,0.04598734217836463,0.23798880389924185,0.04603793009794142,0.26228929111390364,0.21879887885958405,0.04234126984126983,0.11378968253968251,0.04859126984126984,0.23880952380952386,0.04928571428571429,0.26698412698412693,0.22394841269841267,mean
3,4,0.925,0.725,0.875,0.5375,0.9,0.425,0.5375,0.04921899988817125,0.16668154359881776,0.06937909714095426,0.27929855701135237,0.051493005636264744,0.34268989273526,0.28247153330133445,0.04948412698412698,0.1732142857142857,0.07198412698412698,0.2810714285714286,0.05484126984126984,0.35071428571428576,0.2903174603174603,mean
4,5,0.93,0.7099999999999999,0.9,0.58,0.8700000000000001,0.48,0.5800000000000001,0.05548622026297865,0.2187256712244995,0.06937909714095426,0.31286842063759857,0.08616739395640506,0.3884786277755138,0.32235490935009214,0.056626984126984116,0.22555555555555556,0.07198412698412698,0.316765873015873,0.09123015873015873,0.3979166666666668,0.3299603174603175,mean
5,6,0.925,0.7416666666666666,0.9,0.6166666666666666,0.8833333333333335,0.5500000000000002,0.625,0.06787419827056966,0.23232048532394484,0.08499812351688205,0.3398479165850458,0.09534045683908034,0.4052867098068081,0.3403362565894949,0.0709126984126984,0.23894841269841266,0.08746031746031746,0.34384920634920635,0.10123015873015875,0.41416666666666674,0.34801587301587306,mean
6,7,0.9214285714285715,0.7428571428571428,0.8928571428571429,0.6642857142857143,0.892857142857143,0.5642857142857143,0.65,0.08039340002058862,0.27856031697298733,0.10590138554216644,0.3490288826971995,0.10273504428621172,0.45419449480821317,0.37151987939021947,0.08341269841269841,0.2852579365079365,0.11015873015873015,0.3538492063492063,0.10837301587301588,0.46394841269841286,0.37884920634920644,mean
7,8,0.925,0.75625,0.89375,0.6875,0.8875,0.6,0.675,0.08630314465469394,0.301020614794887,0.12229335088719925,0.3692965901513333,0.13026338072098034,0.4761953909626671,0.3930668064707438,0.0896626984126984,0.3086507936507936,0.12682539682539684,0.3756547619047619,0.13426587301587303,0.48575396825396827,0.39938492063492076,mean
8,9,0.9166666666666667,0.7666666666666668,0.9000000000000001,0.7055555555555555,0.8944444444444446,0.6166666666666667,0.6833333333333333,0.11229366091963555,0.3236102880930149,0.13144037335996267,0.39557816167358395,0.13364111219272637,0.5142371564235455,0.4298106307622169,0.11424603174603173,0.33126984126984127,0.13682539682539682,0.4002380952380952,0.1398214285714286,0.5258928571428572,0.4378571428571429,mean
9,10,0.9250000000000002,0.78,0.905,0.73,0.905,0.6400000000000001,0.71,0.11229366091963555,0.337979429576771,0.13820010006710146,0.4063618639089305,0.13364111219272637,0.5537657961207301,0.43972247939269565,0.11424603174603173,0.3467460317460318,0.14307539682539683,0.4102380952380952,0.1398214285714286,0.5651785714285713,0.44785714285714295,mean
10,11,0.9272727272727271,0.7863636363636364,0.9090909090909088,0.7409090909090909,0.9045454545454543,0.6636363636363636,0.7272727272727271,0.11823853574821645,0.35850550785482505,0.14388516570425466,0.4319202716124545,0.15217488869309279,0.5678575832130701,0.4709432560679258,0.12049603174603174,0.3675793650793652,0.14932539682539683,0.43543650793650795,0.15696428571428572,0.5797619047619047,0.47910714285714284,mean
11,12,0.9333333333333333,0.7875,0.9166666666666666,0.75,0.9125,0.6875000000000001,0.7458333333333333,0.11823853574821645,0.3845165540412499,0.14388516570425466,0.4522433216043173,0.15217488869309279,0.5752312271335472,0.47575995295810064,0.12049603174603174,0.3927777777777778,0.14932539682539683,0.4543849206349207,0.15696428571428572,0.5869047619047619,0.4846626984126984,mean
12,13,0.9384615384615385,0.8,0.9153846153846155,0.7653846153846153,0.9192307692307693,0.7115384615384616,0.753846153846154,0.11823853574821645,0.39473696640235634,0.1584501523826167,0.4576322564311299,0.15217488869309279,0.5752312271335472,0.49495569549133445,0.12049603174603174,0.40277777777777785,0.1636111111111111,0.45994047619047623,0.15696428571428572,0.5869047619047619,0.5036111111111111,mean
13,14,0.9428571428571428,0.8071428571428572,0.9178571428571429,0.7749999999999999,0.9250000000000002,0.725,0.767857142857143,0.11823853574821645,0.4087502442409015,0.16420962742549683,0.47110815580300736,0.15217488869309279,0.5897858185817855,0.5027632528275087,0.12049603174603174,0.416170634920635,0.1698611111111111,0.47333333333333344,0.15696428571428572,0.6023809523809525,0.5107539682539682,mean
14,15,0.9433333333333334,0.8133333333333332,0.9233333333333335,0.7833333333333332,0.9266666666666667,0.74,0.7766666666666666,0.12490854271977207,0.42541349652387217,0.16420962742549683,0.48491712256353414,0.15913083893938987,0.5967169631365351,0.5162743895257704,0.12674603174603175,0.4324206349206349,0.1698611111111111,0.4872222222222223,0.16410714285714284,0.6095238095238096,0.5241468253968253,mean
15,16,0.946875,0.815625,0.925,0.79375,0.93125,0.75,0.78125,0.12490854271977207,0.44880231587126673,0.17165375152779166,0.4932679293628306,0.15913083893938987,0.6165529357116722,0.5379655940587443,0.12674603174603175,0.45414682539682544,0.17700396825396825,0.4955555555555556,0.16410714285714284,0.6282738095238096,0.5467658730158731,mean
16,17,0.9470588235294117,0.8235294117647058,0.9294117647058824,0.8058823529411765,0.9264705882352942,0.7617647058823531,0.7911764705882354,0.13154917328785412,0.4554429464393488,0.17165375152779166,0.4932679293628306,0.1966745504623492,0.6244145518084963,0.5453392379792213,0.13299603174603175,0.46039682539682547,0.17700396825396825,0.4955555555555556,0.2009126984126984,0.6354166666666667,0.5539087301587303,mean
17,18,0.9472222222222222,0.8277777777777778,0.9305555555555557,0.8000000000000002,0.925,0.7722222222222224,0.8000000000000004,0.13925845120148972,0.46925494501606807,0.17787666344753064,0.5433881331145862,0.21161237939048552,0.6329883940727847,0.552270382533971,0.14132936507936505,0.47428571428571437,0.18325396825396825,0.5510912698412699,0.2151984126984127,0.64375,0.5610515873015874,mean
18,19,0.9473684210526315,0.8368421052631578,0.9342105263157896,0.8105263157894734,0.9289473684210527,0.7815789473684209,0.8052631578947368,0.1484054736742531,0.46925494501606807,0.17787666344753064,0.5433881331145862,0.21161237939048552,0.6403829815199161,0.5678103870676054,0.15132936507936506,0.47428571428571437,0.18325396825396825,0.5510912698412699,0.2151984126984127,0.6508928571428572,0.5773015873015874,mean
19,20,0.9474999999999998,0.8375,0.9374999999999998,0.8150000000000002,0.9299999999999997,0.7850000000000001,0.8125,0.16175193873979993,0.5045814287035346,0.17787666344753064,0.5589949234062106,0.21978214224309328,0.6662764054365745,0.5769574095403689,0.16799603174603175,0.5072023809523809,0.18325396825396825,0.5673412698412699,0.22353174603174603,0.6742857142857143,0.5873015873015873,mean
20,21,0.95,0.8428571428571431,0.9404761904761905,0.8214285714285715,0.9333333333333333,0.7904761904761909,0.8190476190476194,0.16175193873979993,0.5116093357276472,0.17787666344753064,0.5651542455706126,0.21978214224309328,0.6848338237944933,0.582716884583249,0.16799603174603175,0.5155357142857142,0.18325396825396825,0.5728968253968254,0.22353174603174603,0.6914285714285714,0.5935515873015873,mean
21,22,0.95,0.8499999999999999,0.9431818181818181,0.8272727272727272,0.934090909090909,0.7977272727272727,0.825,0.16850352027835008,0.5116093357276472,0.17787666344753064,0.5719244276938393,0.2274914201567289,0.6932108060591945,0.5886456013624461,0.17424603174603176,0.5155357142857142,0.18325396825396825,0.5791468253968255,0.23186507936507939,0.6997619047619047,0.5991071428571428,mean
22,23,0.9521739130434783,0.8565217391304347,0.9456521739130436,0.834782608695652,0.9347826086956521,0.8043478260869563,0.8304347826086957,0.16850352027835008,0.5116093357276472,0.17787666344753064,0.5719244276938393,0.23776814783663341,0.6993088842022004,0.5948406304220174,0.17424603174603176,0.5155357142857142,0.18325396825396825,0.5791468253968255,0.2418650793650794,0.7060119047619048,0.60625,mean
23,24,0.9520833333333332,0.8625,0.9479166666666667,0.8333333333333333,0.9354166666666666,0.8125,0.8374999999999998,0.17319797101487183,0.5116093357276472,0.17787666344753064,0.5984018081545719,0.24418790889956649,0.6993088842022004,0.5948406304220174,0.1798015873015873,0.5155357142857142,0.18325396825396825,0.6068253968253969,0.2490079365079365,0.7060119047619048,0.60625,mean
24,25,0.9540000000000003,0.866,0.9500000000000002,0.8400000000000001,0.9320000000000004,0.8200000000000001,0.8420000000000002,0.17319797101487183,0.5175879151432452,0.17787666344753064,0.5984018081545719,0.2650323392002983,0.6993088842022004,0.6026650501663959,0.1798015873015873,0.5217857142857143,0.18325396825396825,0.6068253968253969,0.2695436507936508,0.7060119047619048,0.6133928571428571,mean
25,26,0.9557692307692307,0.8673076923076926,0.9519230769230769,0.8423076923076925,0.9346153846153845,0.8230769230769234,0.8461538461538461,0.17319797101487183,0.5319599233229999,0.17787666344753064,0.6241353783520176,0.2650323392002983,0.7112387063034424,0.6096929571905085,0.1798015873015873,0.5363690476190477,0.18325396825396825,0.6306349206349207,0.2695436507936508,0.7187103174603174,0.6217261904761904,mean
26,27,0.9537037037037036,0.8703703703703702,0.9537037037037038,0.8462962962962963,0.937037037037037,0.8296296296296296,0.8518518518518519,0.19158814622858594,0.5403369055877011,0.17787666344753064,0.6314156861532065,0.2650323392002983,0.7112387063034424,0.6096929571905085,0.1981349206349206,0.544702380952381,0.18325396825396825,0.6377777777777778,0.2695436507936508,0.7187103174603174,0.6217261904761904,mean
27,28,0.9553571428571429,0.8732142857142859,0.9553571428571427,0.8464285714285715,0.9375,0.8303571428571429,0.8535714285714284,0.19158814622858594,0.5470904878740723,0.17787666344753064,0.6563278001695174,0.26972678993682,0.7307881031877843,0.6236526514303383,0.1981349206349206,0.5518452380952381,0.18325396825396825,0.6623611111111111,0.27509920634920637,0.7376587301587302,0.6351190476190476,mean
28,29,0.9568965517241377,0.8741379310344829,0.9568965517241377,0.8517241379310347,0.9396551724137929,0.8362068965517242,0.8586206896551722,0.19158814622858594,0.5623413699851676,0.17787666344753064,0.6563278001695174,0.26972678993682,0.7307881031877843,0.6236526514303383,0.1981349206349206,0.5680952380952381,0.18325396825396825,0.6623611111111111,0.27509920634920637,0.7376587301587302,0.6351190476190476,mean
29,30,0.9549999999999997,0.8750000000000002,0.9566666666666667,0.8566666666666668,0.9416666666666667,0.8416666666666668,0.8600000000000001,0.20836678411229687,0.5805978840778814,0.18372959086607668,0.6563278001695174,0.26972678993682,0.7307881031877843,0.6443920229933872,0.21438492063492065,0.5852380952380952,0.18880952380952382,0.6623611111111111,0.27509920634920637,0.7376587301587302,0.6534523809523809,mean
30,31,0.956451612903226,0.8758064516129032,0.9564516129032258,0.8596774193548387,0.9419354838709678,0.846774193548387,0.8629032258064513,0.20836678411229687,0.5892107400458657,0.19441015060678177,0.6658645359117861,0.2947045936992327,0.7307881031877843,0.651086720598391,0.21438492063492065,0.5963492063492064,0.1988095238095238,0.6706944444444444,0.3000992063492064,0.7376587301587302,0.660595238095238,mean
31,32,0.9578125,0.878125,0.95625,0.8609375,0.94375,0.8515625,0.8640625,0.20836678411229687,0.5955254594363693,0.20538635689830667,0.6813529530272328,0.2947045936992327,0.7307881031877843,0.6686565392555351,0.21438492063492065,0.6025992063492064,0.20880952380952378,0.6878373015873015,0.3000992063492064,0.7376587301587302,0.676845238095238,mean
32,33,0.959090909090909,0.8803030303030301,0.9575757575757574,0.8636363636363635,0.9454545454545453,0.8545454545454545,0.8666666666666665,0.20836678411229687,0.6007371488719114,0.20538635689830667,0.6890622309408684,0.2947045936992327,0.739969069299938,0.674858881794043,0.21438492063492065,0.6097420634920635,0.20880952380952378,0.6961706349206349,0.3000992063492064,0.7476587301587302,0.6824007936507935,mean
33,34,0.9602941176470585,0.8823529411764707,0.9573529411764706,0.8661764705882353,0.9470588235294116,0.8588235294117649,0.8705882352941178,0.20836678411229687,0.6068365523212915,0.2105980463338489,0.7140400347032811,0.2947045936992327,0.739969069299938,0.674858881794043,0.21438492063492065,0.6159920634920635,0.21595238095238095,0.7211706349206348,0.3000992063492064,0.7476587301587302,0.6824007936507935,mean
34,35,0.96,0.8828571428571431,0.9571428571428571,0.8700000000000001,0.9471428571428572,0.862857142857143,0.8742857142857143,0.2152979286670465,0.6222200557208533,0.21606250031489424,0.7140400347032811,0.301467470420968,0.739969069299938,0.674858881794043,0.22152777777777782,0.6305753968253968,0.2215079365079365,0.7211706349206348,0.30634920634920637,0.7476587301587302,0.6824007936507935,mean
35,36,0.9611111111111109,0.8847222222222222,0.9583333333333333,0.8694444444444442,0.9486111111111108,0.8638888888888889,0.8777777777777775,0.2152979286670465,0.6290655194800256,0.21606250031489424,0.7354584248379835,0.301467470420968,0.7533710568423533,0.674858881794043,0.22152777777777782,0.637718253968254,0.2215079365079365,0.7425992063492063,0.30634920634920637,0.7594642857142858,0.6824007936507935,mean
36,37,0.9608108108108109,0.8864864864864865,0.9594594594594597,0.8716216216216217,0.95,0.8675675675675676,0.8810810810810812,0.22115085608559254,0.6382464855921793,0.21606250031489424,0.7421284318095391,0.301467470420968,0.7533710568423533,0.674858881794043,0.22708333333333336,0.647718253968254,0.2215079365079365,0.7488492063492063,0.30634920634920637,0.7594642857142858,0.6824007936507935,mean
37,38,0.9605263157894735,0.8894736842105264,0.9605263157894735,0.875,0.9513157894736839,0.8697368421052631,0.8842105263157893,0.22696566571236082,0.6382464855921793,0.21606250031489424,0.7421284318095391,0.301467470420968,0.7587599916691659,0.674858881794043,0.23333333333333334,0.647718253968254,0.2215079365079365,0.7488492063492063,0.30634920634920637,0.7650198412698413,0.6824007936507935,mean
38,39,0.9615384615384615,0.8923076923076925,0.9615384615384615,0.8782051282051283,0.9525641025641025,0.8717948717948719,0.8871794871794872,0.22696566571236082,0.6382464855921793,0.21606250031489424,0.7421284318095391,0.301467470420968,0.7703621230889541,0.674858881794043,0.23333333333333334,0.647718253968254,0.2215079365079365,0.7488492063492063,0.30634920634920637,0.7775198412698414,0.6824007936507935,mean
39,40,0.9625,0.8937500000000004,0.9612499999999997,0.88125,0.9537500000000001,0.875,0.89,0.22696566571236082,0.6453358603609906,0.22301845056119132,0.7421284318095391,0.301467470420968,0.7703621230889541,0.674858881794043,0.23333333333333334,0.6548611111111111,0.22865079365079363,0.7488492063492063,0.30634920634920637,0.7775198412698414,0.6824007936507935,mean
40,41,0.9634146341463417,0.8963414634146345,0.9621951219512195,0.8841463414634149,0.954878048780488,0.878048780487805,0.8902439024390245,0.22696566571236082,0.6453520672808017,0.22301845056119132,0.7421284318095391,0.301467470420968,0.7703621230889541,0.6892475336850997,0.23333333333333334,0.6548611111111111,0.22865079365079363,0.7488492063492063,0.30634920634920637,0.7775198412698414,0.6969841269841269,mean
41,42,0.963095238095238,0.8976190476190478,0.9630952380952381,0.8869047619047621,0.9559523809523809,0.8785714285714287,0.8916666666666668,0.23511766074971438,0.6515113894452037,0.22301845056119132,0.7421284318095391,0.301467470420968,0.7859538918332768,0.6946364685119122,0.2404761904761905,0.6604166666666667,0.22865079365079363,0.7488492063492063,0.30634920634920637,0.7921031746031747,0.7025396825396825,mean
42,43,0.9627906976744185,0.9,0.963953488372093,0.8883720930232558,0.9569767441860464,0.8802325581395347,0.8941860465116278,0.2418712430360858,0.6515113894452037,0.22301845056119132,0.7481633626844217,0.301467470420968,0.7918068192518228,0.6946364685119122,0.24761904761904763,0.6604166666666667,0.22865079365079363,0.7544047619047619,0.30634920634920637,0.7976587301587302,0.7025396825396825,mean
43,44,0.9624999999999998,0.9,0.9647727272727271,0.8909090909090909,0.9579545454545453,0.8818181818181816,0.8954545454545453,0.24972445979574714,0.6671946333232841,0.22301845056119132,0.7481633626844217,0.301467470420968,0.7980091617903307,0.7038174346240659,0.2547619047619048,0.6766666666666666,0.22865079365079363,0.7544047619047619,0.30634920634920637,0.8032142857142859,0.7125396825396825,mean
44,45,0.9622222222222222,0.9022222222222224,0.9644444444444444,0.8933333333333335,0.958888888888889,0.8833333333333334,0.8977777777777778,0.25643622971444785,0.6671946333232841,0.22894716734038853,0.7481633626844217,0.301467470420968,0.8044289228532637,0.7038174346240659,0.261904761904762,0.6766666666666666,0.23420634920634917,0.7544047619047619,0.30634920634920637,0.8103571428571428,0.7125396825396825,mean
45,46,0.9630434782608697,0.9043478260869564,0.9652173913043477,0.8945652173913045,0.9597826086956524,0.8858695652173912,0.9,0.25643622971444785,0.6671973908973435,0.22894716734038853,0.7540735301976168,0.301467470420968,0.8044289228532637,0.7038174346240659,0.261904761904762,0.6766666666666666,0.23420634920634917,0.7599603174603176,0.30634920634920637,0.8103571428571428,0.7125396825396825,mean
46,47,0.9638297872340427,0.9053191489361702,0.9638297872340427,0.8968085106382979,0.9606382978723407,0.8882978723404257,0.902127659574468,0.25643622971444785,0.6795597801956912,0.24991536220403746,0.7540735301976168,0.301467470420968,0.8044289228532637,0.7038174346240659,0.261904761904762,0.6866666666666666,0.25384920634920627,0.7599603174603176,0.30634920634920637,0.8103571428571428,0.7125396825396825,mean
47,48,0.9645833333333333,0.90625,0.9625,0.8989583333333332,0.9614583333333334,0.890625,0.9041666666666666,0.25643622971444785,0.6860423154156432,0.26578862227396083,0.7540735301976168,0.301467470420968,0.8044289228532637,0.7038174346240659,0.261904761904762,0.6922222222222222,0.2694047619047618,0.7599603174603176,0.30634920634920637,0.8103571428571428,0.7125396825396825,mean
48,49,0.9642857142857142,0.9081632653061223,0.9622448979591836,0.9010204081632651,0.9612244897959185,0.8928571428571429,0.906122448979592,0.26671295739435236,0.6860423154156432,0.2731832097210923,0.7540735301976168,0.30739618720016515,0.8044289228532637,0.7038174346240659,0.2719047619047619,0.6922222222222222,0.276547619047619,0.7599603174603176,0.31190476190476196,0.8103571428571428,0.7125396825396825,mean
49,50,0.9650000000000002,0.9099999999999998,0.9630000000000001,0.9029999999999999,0.9620000000000003,0.8949999999999999,0.907,0.26671295739435236,0.6860423154156432,0.2731832097210923,0.7540735301976168,0.30739618720016515,0.8044289228532637,0.7107368869465293,0.2719047619047619,0.6922222222222222,0.276547619047619,0.7599603174603176,0.31190476190476196,0.8103571428571428,0.7187896825396825,mean
50,1,0.09933992677987827,0.0917662935482247,0.08191780219091253,0.10942433098048308,0.0917662935482247,0.0917662935482247,0.1094243309804831,0.017722631257277844,0.019839171675906445,0.010668702187839395,0.02243792435624491,0.012426695493232184,0.018500673439597225,0.020225707699367865,0.017756121472795424,0.018786982883253082,0.010753374810607163,0.02161114698774201,0.014307959653710303,0.017671775287246044,0.019972033595750713,stdErr
51,2,0.049669963389939134,0.0760885910252682,0.06386663736585052,0.08009040943964843,0.0638666373658505,0.08191780219091253,0.08009040943964843,0.017722631257277844,0.02479037165683907,0.01582689344947908,0.025907582562405676,0.01683865846466295,0.025598436721150156,0.02304720396844457,0.017756121472795424,0.024456994165773318,0.016343458645081334,0.025154282527629048,0.017910587316546333,0.025154282527629048,0.022775048666478975,stdErr
52,3,0.033113308926626096,0.06340715918772351,0.043763051520233055,0.07039986044643266,0.04376305152023306,0.08236276908284562,0.06622661785325219,0.017722631257277844,0.02652952868738765,0.01781772558042611,0.032402902427937655,0.017420995651681925,0.0332172226734637,0.02874676699385862,0.017756121472795424,0.02665807602394699,0.018068930548786884,0.03181445737691069,0.018208203318801623,0.033687938587024305,0.02862986683297168,stdErr
53,4,0.026282874151892337,0.054107592618294974,0.03847418820319328,0.06090058767325128,0.033442802702996925,0.07277398320539386,0.06354391353519565,0.01837676684602954,0.03642107082034487,0.02147692108028571,0.03543159985589341,0.01751608142498188,0.040064514758187106,0.040803531239992495,0.018288376545934706,0.03794441674847757,0.021455944953060253,0.034974659404585696,0.0182641947671349,0.04159862965665941,0.0415721209227491,stdErr
54,5,0.02625783091213983,0.0446624768917406,0.03077935056255462,0.05409543224222989,0.03,0.06390782836488648,0.04790341159150633,0.02106693910651317,0.03407871098694725,0.02147692108028571,0.03883353819852449,0.020226438944695335,0.04317186415352884,0.036832580483375725,0.021346906097644527,0.03557949827514397,0.021455944953060253,0.03840989639999232,0.02071591208241945,0.04487520871877854,0.037781034422577964,stdErr
55,6,0.02253976343426245,0.03721873074311717,0.02809757434745081,0.049999999999999996,0.02730593406363751,0.05420882300168553,0.04503896948121509,0.0211918534822576,0.03303503451794361,0.023246595386216862,0.040771718080295526,0.024380700960138342,0.04477047884202357,0.03786617122881988,0.02161497831130973,0.034970703869463715,0.023763433529201183,0.04020496235076388,0.02537013171357728,0.046188571511313184,0.03900297401572835,stdErr
56,7,0.01931979722936782,0.030393057039710878,0.029083752537355543,0.04307588288542388,0.022882974125613843,0.05230970319486743,0.04573660169594892,0.02084266324122297,0.03413329026420017,0.029045227453652695,0.042683952432576576,0.023976814308066165,0.048135945126647345,0.04513207413843425,0.021163985049398315,0.03537072845207166,0.030049741509144683,0.04213721747109227,0.02487068736538365,0.0495470131104648,0.0460414324855793,stdErr
57,8,0.01672140135149847,0.024793555508172728,0.026086584069614265,0.037936061166680246,0.02202719610892527,0.04764175523745177,0.042919753763947605,0.020477565684814045,0.032421201685437016,0.030393377934637054,0.04023751413856218,0.0267951428950462,0.05076861315837777,0.04698635096686651,0.020787014886694124,0.03346831384637579,0.031424573385189426,0.03948207799580996,0.027144671972114967,0.0519547745034707,0.04814961726236632,stdErr
58,9,0.01779786876436632,0.02117411343886745,0.02265657383369651,0.0380442955126341,0.0205116490143808,0.043763051520233055,0.04052530314423044,0.02631805677717023,0.030881886470166958,0.029827436458325977,0.049439200565879464,0.02686753869230683,0.05375425465605098,0.05167010570559356,0.026086679778963347,0.031737383951636916,0.03088694537713646,0.04816368605647224,0.027461912125142613,0.05477046168147916,0.052627339756476925,stdErr
59,10,0.016018081887929678,0.021275139927797622,0.019834844406538172,0.03332456024900365,0.018460484112942717,0.03933660408643115,0.03546681176596094,0.02631805677717023,0.033467661625189105,0.029014538589243802,0.048169361171710424,0.02686753869230683,0.04901478613797626,0.050339304364710964,0.026086679778963347,0.03458944777667114,0.03005077680015028,0.046999613957888306,0.027461912125142613,0.04975778639960626,0.051178715790785846,stdErr
60,11,0.015607183186890037,0.021140800583842462,0.01744936127158896,0.028955275917866407,0.019199961939936176,0.036183765666133266,0.03230993878685959,0.027014695949595567,0.03551029450666454,0.02813290985022652,0.04600830046157616,0.03422372425732996,0.04850847663887401,0.04632424443378378,0.026956489775277266,0.03655213376599688,0.029120149995311255,0.04485304275407163,0.03426095300973271,0.04914107225964283,0.046955787783669545,stdErr
61,12,0.014306584587982537,0.021353163754797122,0.015995247832289873,0.029617443887954616,0.01759996511160816,0.03191900843408523,0.029909097170714653,0.027014695949595567,0.0350150991558471,0.02813290985022652,0.04859705578647274,0.03422372425732996,0.04570116283654995,0.04563475397967338,0.026956489775277266,0.03605216575878635,0.029120149995311255,0.04738174891999033,0.03426095300973271,0.04623165117113685,0.04637307798808577,stdErr
62,13,0.01320607808121465,0.018842228790639834,0.014659001611523616,0.027608397388351986,0.016246121641484455,0.029463700093001758,0.02878197989826109,0.027014695949595567,0.03389495057706428,0.027617859955259765,0.04782933221759677,0.03422372425732996,0.04570116283654995,0.045302803485246707,0.026956489775277266,0.03459529851426086,0.028766565653412932,0.046958534115931636,0.03426095300973271,0.04623165117113685,0.04624173307338929,stdErr
63,14,0.012262786789699314,0.01875559350867131,0.014906619468351015,0.0265623519140372,0.015085684381378429,0.028979695844051714,0.02784557307454138,0.027014695949595567,0.03533138869251224,0.029219905463916333,0.04843160937474516,0.03422372425732996,0.04961257162061505,0.047828677683852176,0.026956489775277266,0.03582369617911942,0.0303877046651068,0.04762438705793122,0.03426095300973271,0.05024657082184287,0.0484532789712728,stdErr
64,15,0.012115429242540039,0.01783616144159837,0.013912844837127606,0.025072992856063955,0.013593944300217905,0.026446459208717573,0.027476731250895153,0.028039038828172016,0.03490359245330161,0.029219905463916333,0.046918967766099905,0.03329001783573987,0.047972203516883145,0.0504384641770152,0.0277250424348425,0.03526221237933606,0.0303877046651068,0.04628817249804694,0.033268829996902886,0.04834917837381002,0.05103170441492136,stdErr
65,16,0.011358214914881282,0.018404156960346016,0.012499999999999999,0.02316452880455033,0.012744322781454293,0.02483498169496957,0.025041084662063496,0.028039038828172016,0.03964071572916123,0.027938226622833188,0.046059490233462196,0.03329001783573987,0.04602889867020564,0.04765249095839054,0.0277250424348425,0.03938669455127293,0.029098417170713008,0.045574654186752606,0.033268829996902886,0.046304349336402637,0.048366353755659675,stdErr
66,17,0.011994656735486395,0.01810550033091448,0.011764705882352944,0.021801909463106187,0.012713304792214967,0.02277226056835791,0.022772260568357912,0.030382220340862687,0.04044370787661645,0.027938226622833188,0.046059490233462196,0.03656203520906957,0.04364889677506598,0.045049808318671926,0.029813228859400773,0.04025594080274616,0.029098417170713008,0.045574654186752606,0.036652635177930486,0.04401760584009985,0.045679687052621584,stdErr
67,18,0.011019358003632324,0.0179794843738517,0.01200701008153635,0.019496588395520056,0.01159403736427301,0.021288879121950162,0.0210972561491783,0.0295932380475564,0.04094601606933075,0.029590633651321807,0.04422924657830415,0.0346644008719633,0.04299988859481005,0.04361007042881105,0.029010513158600253,0.04074512601757233,0.030558208176149973,0.043688929902290057,0.035289841875874035,0.043453509853994925,0.04400004839951661,stdErr
68,19,0.010102261788814666,0.017033195722596355,0.011375062182508127,0.018470452164176903,0.010983824871416525,0.01994123163335845,0.020597575008333847,0.028728792673947456,0.04094601606933075,0.029590633651321807,0.04422924657830415,0.0346644008719633,0.04190360664006561,0.04745767237015469,0.028157452317462913,0.04074512601757233,0.030558208176149973,0.043688929902290057,0.035289841875874035,0.042159690786628706,0.04774774276105112,stdErr
69,20,0.00923024205647136,0.016573202847717128,0.010806309073382715,0.018531623043640262,0.009867543820659304,0.018173143863810047,0.01915140506045114,0.02819535662299842,0.04996953935519371,0.029590633651321807,0.0475844784863627,0.03296034509921511,0.037489152159762125,0.04670737446141051,0.028374808979333248,0.048993743907335,0.030558208176149973,0.04715453349544944,0.03355662150178246,0.0376589579403527,0.0468317594051768,stdErr
70,21,0.008790706720448915,0.01660389180456329,0.010291722927031158,0.017909280611474253,0.009397660781580285,0.017064706296289926,0.01879532156316057,0.02819535662299842,0.05299834034110494,0.029590633651321807,0.04674485861333138,0.03296034509921511,0.037960437076057826,0.0473950916279662,0.028374808979333248,0.0524967729416988,0.030558208176149973,0.04671771332340841,0.03355662150178246,0.03749889382322209,0.04750871263553617,stdErr
71,22,0.009268598386512212,0.015849169449810414,0.009823917339438833,0.018241528747089234,0.008391129142246689,0.016643996471094175,0.01814439929428159,0.029865866692597567,0.05299834034110494,0.029590633651321807,0.04944001232179705,0.031104074665513595,0.0402520646829792,0.0466179013223571,0.029969021734586255,0.0524967729416988,0.030558208176149973,0.04919714754660977,0.03161345935014258,0.04000111678103119,0.04691209667293967,stdErr
72,23,0.008865615847968203,0.015160075125905613,0.009396790498593675,0.017448418801563614,0.0080417772955632,0.01654099804897135,0.01724769078829407,0.029865866692597567,0.05299834034110494,0.029590633651321807,0.04944001232179705,0.032034026696569844,0.041111205159510875,0.0458881429607624,0.029969021734586255,0.0524967729416988,0.030558208176149973,0.04919714754660977,0.03264764345673009,0.040892581505400344,0.04608191489995067,stdErr
73,24,0.00869552802320476,0.01452840532899288,0.009005257561152268,0.01762590464685098,0.007691868380392806,0.015851789796930874,0.01652903700544849,0.029743136974618334,0.05299834034110494,0.029590633651321807,0.0515554857023287,0.031864923624743066,0.041111205159510875,0.0458881429607624,0.02986779963505373,0.0524967729416988,0.030558208176149973,0.05118793910028203,0.03228694742332065,0.040892581505400344,0.04608191489995067,stdErr
74,25,0.00834770690227656,0.014874917071860831,0.008645047258706169,0.016920868460976943,0.008753946478438648,0.015217718205053646,0.016019724683881693,0.029743136974618334,0.05477138125109419,0.029590633651321807,0.0515554857023287,0.03429799034009485,0.041111205159510875,0.04615358309100905,0.02986779963505373,0.05430678124176713,0.030558208176149973,0.05118793910028203,0.03499473411351245,0.040892581505400344,0.046350639302688,stdErr
75,26,0.008026641252189005,0.014357136714876048,0.00831254544106363,0.01551061761497208,0.008417256229267936,0.014605792718661902,0.015283065658442814,0.029743136974618334,0.05433603527020737,0.029590633651321807,0.05373431690664874,0.03429799034009485,0.03850070168853585,0.04598081407931542,0.02986779963505373,0.054190138886921486,0.030558208176149973,0.05291521260695286,0.03499473411351245,0.038122469588233676,0.046025631876878824,stdErr
76,27,0.007045239909747052,0.014090479819494114,0.0080046733876909,0.015264850694941748,0.008105505998554308,0.014064837432785538,0.014717026189611595,0.026679369331956342,0.05580511207374486,0.029590633651321807,0.054881466748753764,0.03429799034009485,0.03850070168853585,0.04598081407931542,0.026566378193228716,0.05585975075210773,0.030558208176149973,0.05398088056871908,0.03499473411351245,0.038122469588233676,0.046025631876878824,stdErr
77,28,0.00679362419868466,0.013331626949527765,0.00771879219527337,0.014679717039977015,0.008544365169787183,0.013922786537270696,0.01440271635675979,0.026679369331956342,0.05469352401729301,0.029590633651321807,0.054943771409082444,0.034865335013549464,0.036806730688599354,0.044999391942973296,0.026566378193228716,0.05455826492012372,0.030558208176149973,0.0541532904232095,0.03595552142751151,0.03655640534168374,0.04511643363535243,stdErr
78,29,0.006559361295281747,0.012823204372293822,0.0074526269471605,0.01417351990066746,0.008249731888070391,0.013442690449778598,0.013906070965147394,0.026679369331956342,0.05540266550569951,0.029590633651321807,0.054943771409082444,0.034865335013549464,0.036806730688599354,0.044999391942973296,0.026566378193228716,0.055167304587093784,0.030558208176149973,0.0541532904232095,0.03595552142751151,0.03655640534168374,0.04511643363535243,stdErr
79,30,0.007364765174930649,0.012301048307916037,0.006882472016116848,0.013701069237311882,0.007974740825134703,0.012994600768119308,0.0135939443002179,0.03099078539598312,0.055331785942907906,0.02828909630432633,0.054943771409082444,0.034865335013549464,0.036806730688599354,0.04854773524829882,0.030928592745542268,0.05488621881994059,0.02928313885431972,0.0541532904232095,0.03595552142751151,0.03655640534168374,0.0483018618740293,stdErr
80,31,0.007127192104771611,0.012444080517699681,0.006732021695384332,0.013499588730289523,0.007619288853078739,0.012575420098179982,0.01300364152951379,0.03099078539598312,0.055212419482659134,0.030223502750560988,0.057124783260550524,0.04944506138836093,0.036806730688599354,0.04752369501621811,0.030928592745542268,0.05450947504675765,0.031133288772356237,0.05614266596478283,0.05009634432712747,0.03655640534168374,0.04706385923209283,stdErr
81,32,0.006904467351497486,0.012187710861873594,0.006950837700366921,0.012919562316910209,0.007381186076420022,0.012182438220111853,0.012678616931772626,0.03099078539598312,0.054932589857492505,0.03548157553211576,0.058344193024468465,0.04944506138836093,0.036806730688599354,0.046752029865317936,0.030928592745542268,0.054285888904180596,0.03579191414837263,0.05700494964088144,0.05009634432712747,0.03655640534168374,0.04617356975384552,stdErr
82,33,0.006695241068118771,0.011935377687336289,0.006740206254901254,0.012532881694977436,0.007157513771073964,0.011549516421200433,0.012318961095583746,0.03099078539598312,0.055038554674377675,0.03548157553211576,0.05862943019173678,0.04944506138836093,0.036539608350205886,0.04521867821283013,0.030928592745542268,0.05453935803317457,0.03579191414837263,0.05744943860141151,0.05009634432712747,0.03593698436183272,0.04502172636041728,stdErr
83,34,0.006498322213174109,0.012257481668624871,0.0065680113076089135,0.01138613028417896,0.006946998660160025,0.01120982476175336,0.01195663871041952,0.03099078539598312,0.05696022654994505,0.03549076642794275,0.04742983303540569,0.04944506138836093,0.036539608350205886,0.04521867821283013,0.030928592745542268,0.05646340297046373,0.03581191519889111,0.045753797754766776,0.05009634432712747,0.03593698436183272,0.04502172636041728,stdErr
84,35,0.006355051611764044,0.012419450460123885,0.006388765649999401,0.011060812276059553,0.007262161546879507,0.010889544054274686,0.011615020461550387,0.031053941965424003,0.05948684396054474,0.03515181799301294,0.04742983303540569,0.05053432473824195,0.036539608350205886,0.04521867821283013,0.03088394361702264,0.05905689522850244,0.03538427311145067,0.045753797754766776,0.05097041350499592,0.03593698436183272,0.04502172636041728,stdErr
85,36,0.006178522400326154,0.011798028216001812,0.006211299937499418,0.010490721170122943,0.007060434837243964,0.011202112721924276,0.011292381004285097,0.031053941965424003,0.057607425277842406,0.03515181799301294,0.043542375905076584,0.05053432473824195,0.0368015014750576,0.04521867821283013,0.03088394361702264,0.057266423091450226,0.03538427311145067,0.0422514388753374,0.05097041350499592,0.03622036859391989,0.04502172636041728,stdErr
86,37,0.005708096792954004,0.011365567200818312,0.006043426966215646,0.010352110843487108,0.006869612274075208,0.010899352918629026,0.010987181517682793,0.02942719029858365,0.05828661497385084,0.03515181799301294,0.04324600743609978,0.05053432473824195,0.0368015014750576,0.04521867821283013,0.0292426702408162,0.05779048181542738,0.03538427311145067,0.04179567786413353,0.05097041350499592,0.03622036859391989,0.04502172636041728,stdErr
87,38,0.00588438941447313,0.011066473327112561,0.0058843894144731375,0.010079686873921656,0.006688833003704802,0.010710813869696162,0.010698045161954297,0.03047640397936082,0.05828661497385084,0.03515181799301294,0.04324600743609978,0.05053432473824195,0.035304886014002376,0.04521867821283013,0.030154154227885123,0.05779048181542738,0.03538427311145067,0.04179567786413353,0.05097041350499592,0.0349790569794617,0.04502172636041728,stdErr
88,39,0.005733507634614843,0.010782717600776351,0.005733507634614846,0.009821233364333921,0.006517324465148271,0.010017459411549603,0.010423736311647787,0.03047640397936082,0.05828661497385084,0.03515181799301294,0.04324600743609978,0.05053432473824195,0.03286589668983089,0.04521867821283013,0.030154154227885123,0.05779048181542738,0.03538427311145067,0.04179567786413353,0.05097041350499592,0.03211034272181023,0.04502172636041728,stdErr
89,40,0.0055901699437494725,0.010710760698327739,0.005582809611467576,0.009575702530225574,0.006354391353519563,0.00976702292626086,0.010163142903856594,0.03047640397936082,0.059242096633061694,0.03514037545823259,0.04324600743609978,0.05053432473824195,0.03286589668983089,0.04521867821283013,0.030154154227885123,0.05865842581135051,0.03526940964509062,0.04179567786413353,0.05097041350499592,0.03211034272181023,0.04502172636041728,stdErr
90,41,0.005453824335365342,0.010449522632514866,0.005446643523383,0.00934214880997617,0.00619940619855567,0.009528802854888644,0.009931037451779944,0.03047640397936082,0.05923972761520341,0.03514037545823259,0.04324600743609978,0.05053432473824195,0.03286589668983089,0.04408939981818452,0.030154154227885123,0.05865842581135051,0.03526940964509062,0.04179567786413353,0.05097041350499592,0.03211034272181023,0.04395697847393588,stdErr
91,42,0.0053169615347310245,0.010233577134448271,0.005316961534731026,0.009119716695452928,0.00605180128906625,0.009601810904506526,0.00984347605097921,0.030257903423627833,0.058087476390611556,0.03514037545823259,0.04324600743609978,0.05053432473824195,0.0350022074958331,0.04330876212460203,0.029870825473662325,0.05786730021294728,0.03526940964509062,0.04179567786413353,0.05097041350499592,0.03413140259131629,0.04336327233006791,stdErr
92,43,0.005440908389447456,0.009995586968530866,0.005193311266481459,0.00917911053084586,0.005911061724204243,0.009732261642766858,0.009614558003282012,0.03166626382851427,0.058087476390611556,0.03514037545823259,0.04297262293681971,0.05053432473824195,0.03528176529964284,0.04330876212460203,0.0312618014209584,0.05786730021294728,0.03526940964509062,0.04158945684818034,0.05097041350499592,0.03445924281433481,0.04336327233006791,stdErr
93,44,0.005536417061204665,0.009810071078379265,0.0050752814649705266,0.008970494382417545,0.005776719412290519,0.009698589378289223,0.009239220821687806,0.03318629142739512,0.05972827890688535,0.03514037545823259,0.04297262293681971,0.05053432473824195,0.034218651936447936,0.04348556085700771,0.03251097772151024,0.05935065737147817,0.03526940964509062,0.04158945684818034,0.05097041350499592,0.033789052472159645,0.043271663698488935,stdErr
94,45,0.0053712105278152155,0.009592069498859731,0.00519909023880535,0.008771150062808267,0.005648347869795167,0.009656208633422836,0.009033904803428073,0.03256775142264908,0.05972827890688535,0.03566613699152341,0.04297262293681971,0.05053432473824195,0.035522707732863805,0.04348556085700771,0.03199758056238652,0.05935065737147817,0.03565159261166091,0.04158945684818034,0.05097041350499592,0.0351179195453862,0.043271663698488935,stdErr
95,46,0.005254445081558366,0.009383546248884522,0.00508606653796175,0.008677756184221626,0.005525557698712662,0.009446291054435384,0.00883751556857095,0.03256775142264908,0.059729087524464854,0.03566613699152341,0.04157075752432517,0.05053432473824195,0.035522707732863805,0.04348556085700771,0.03199758056238652,0.05935065737147817,0.03565159261166091,0.040549488688184324,0.05097041350499592,0.0351179195453862,0.043271663698488935,stdErr
96,47,0.005142648377695418,0.008930702748031961,0.0049055310445262,0.008493123073919046,0.005407992641293239,0.009245306138383563,0.008649483322431133,0.03256775142264908,0.058159207178603636,0.03500344842792774,0.04157075752432517,0.05053432473824195,0.035522707732863805,0.04348556085700771,0.03199758056238652,0.05771717647504214,0.034633358060188954,0.040549488688184324,0.05097041350499592,0.0351179195453862,0.043271663698488935,stdErr
97,48,0.0050355098698267675,0.009131211336281525,0.005147673067677848,0.00831618300987906,0.005295326127932971,0.009052695593833907,0.008469285753213825,0.03256775142264908,0.05903501000498421,0.03830010270957865,0.04157075752432517,0.05053432473824195,0.035522707732863805,0.04348556085700771,0.03199758056238652,0.05844157774486404,0.03820776574428069,0.040549488688184324,0.05097041350499592,0.0351179195453862,0.043271663698488935,stdErr
98,49,0.00510204081632653,0.008944860084520685,0.0051872582477710686,0.008146464989269285,0.005107408561962933,0.008867946704163833,0.008296443186821705,0.036400160489567485,0.05903501000498421,0.03896257804120221,0.04157075752432517,0.0496883672864615,0.035522707732863805,0.04348556085700771,0.035625953606433024,0.05844157774486404,0.03902712609442155,0.040549488688184324,0.050146514591748986,0.0351179195453862,0.043271663698488935,stdErr
99,50,0.005000000000000004,0.008765962882830262,0.005083513082815657,0.007983535689483895,0.0050052603907236775,0.008690587770080553,0.008369745012779505,0.036400160489567485,0.05903501000498421,0.03896257804120221,0.04157075752432517,0.0496883672864615,0.035522707732863805,0.044412863817149324,0.035625953606433024,0.05844157774486404,0.03902712609442155,0.040549488688184324,0.050146514591748986,0.0351179195453862,0.04400164002548885,stdErr
