X.annotation	paralogy_rank	tcontig	pos_tcontig	gmap_percentID	offtarget_dist	gcontig	pos_gcontig	num_alleles	num_ind	num_comm_gtype	major_allele	major_num	major_freq	minor_allele	minor_num	minor_freq	freq_hetzyg	MAP_dir1	MAP_dir2	MAP_MgGm	noncode_in_covar	MQ	haplotype_score	FS	MQRankSum	ReadPosRankSum	allele_balance	window_stat	scaffold	scaf_pos	xtx	LAT	LONG	ELEVATION	MAT	MWMT	MCMT	TD	MAP	MSP	AHM	SHM	DD_0	DD5	NFFD	bFFP	eFFP	FFP	PAS	EMT	EXT	Eref	CMD	Budset_p	Budbreak_p	Height_season_1_p	Height_season_2_p	Diameter_p	Shoot_weight_p	Root_weight_p	Max_growth_rate_p	Linear_growth_days_p	X5_growth_complete_days_p	X95_growth_complete_days_p	X5_95_growth_days_p	Fall_cold_injury_p	Winter_cold_injury_p	Spring_cold_injury_p	root_wt_shoot_wt_p	root_wt_shoot_wt_p_1	snp_id
non_tcontig	1	ctg7180063399372	2256	97.4	NA	scaffold750644_27863_31476	1002	500	250	221	C	471	0.942	A	29	0.058	0.116	NOT_MAP	NOT_MAP	NOT_MAP	no	59.89	0.7717	0	-0.965	1.291	1.031056	0	scaffold750644	28864	274.836666666667	0.598644553790626	0.839521826422561	0.0143507339576568	0.355751058008533	0.0248949029845445	0.663779612508849	0.601669488626605	0.367630438408992	0.326599135080809	0.163838948713603	0.0546645804716841	0.4279082047415	0.0457376948779713	0.312064732527971	0.126388440258613	0.604390670969187	0.233285274608767	0.100822536864587	0.733840416727977	0.0178960545324383	0.0692243236039553	0.0546647869848361	0.760683388386662	0.783083654816378	0.0789740430901915	0.11666100694323	0.401240592619141	0.351164495565638	0.20282350048682	0.556003022779601	0.815201534998211	0.948650822409096	0.194867423371949	0.412329705901732	0.23820551456894	0.893702664656936	0.846789994858868	0.404583434925967	0.255829687700989	scaffold750644_27863_31476__1002
non_tcontig	1	ctg7180063399372	2238	97.4	NA	scaffold750644_27863_31476	1020	510	255	127	A	263	0.5156863	T	247	0.4843137255	0.498039216	NOT_MAP	NOT_MAP	GOOD	no	59.78	0.2568	4.961	7.004	1.029	1.491039	0	scaffold750644	28882	282.303333333333	0.190916514206626	0.763578062068371	0.480559163176832	0.0280411151116324	0.16470717633093	0.112808141482485	0.548865024720385	0.984486219424367	0.322921143238934	0.301970717710755	0.123288957964825	0.058374545048022	0.0823475831856179	0.0718193317611343	0.322960184105076	0.0561661758427109	0.172974007761864	0.307731314258804	0.149719193685952	0.280439582834402	0.142321038159104	0.197006273515926	0.69383130223177	0.329303854411669	0.030325494577017	0.848135513669377	0.958780353182213	0.664655575193962	0.426192493612008	0.919142623540331	0.682680959312245	0.474531427114726	0.742726649709541	0.616636852779245	0.579209293547246	0.106916913608876	0.159716468925631	0.105718686131146	0.648638960347084	scaffold750644_27863_31476__1020
non_tcontig	1	ctg7180063399372	2233	97.4	NA	scaffold750644_27863_31476	1025	490	245	118	C	250	0.5102041	T	240	0.4897959184	0.481632653	NOT_MAP	NOT_MAP	GOOD	no	59.79	0.3566	4.958	-1.123	-2.119	1.5	0	scaffold750644	28887	282.993333333333	0.100804713053879	0.998465897971351	0.562276497157906	0.0302309081126731	0.123804938372588	0.0646726775244161	0.374396421896309	0.923241735682545	0.25672505695472	0.41029250445523	0.0949698522108165	0.0436603101400002	0.0845004799881477	0.0600542836860159	0.289175338186172	0.0608577427311093	0.149644050468517	0.615846828884509	0.0789721384858329	0.101304594115523	0.0729451655138419	0.159289621002096	0.652913571155596	0.368951534342996	0.0378395675190411	0.931140450025482	0.824156218869446	0.864764829838532	0.535631015964705	0.959659564370392	0.575300420924041	0.507377339433466	0.476011254613805	0.465163790234669	0.937345114985293	0.0922473571468494	0.240004151272214	0.090568990308347	0.834717416659197	scaffold750644_27863_31476__1025
non_tcontig	1	ctg7180063399372	2184	97.4	NA	scaffold750644_27863_31476	1074	574	287	144	C	288	0.5017422	T	286	0.4982578397	0.50174216	NOT_MAP	NOT_MAP	GOOD	no	59.76	0.2476	7.416	5.321	0.7	1.360606	1	scaffold750644	28936	273.69	0.0674919198874593	0.740882854610152	0.744075532508178	0.1223754852763	0.591211930023059	0.168824445415506	0.333006179814504	0.405749652133646	0.185602615192093	0.0646445379589886	0.24766373711041	0.169033622512051	0.44140766999331	0.462355956809496	0.960254028002693	0.244143280853167	0.640095947937068	0.17691762752567	0.262966037494977	0.648444137453436	0.293590200310048	0.269155668776704	0.298671507880058	0.527113879758493	0.213735382256622	0.824212508474871	0.897284774878649	0.49398888465049	0.384722518498458	0.669593152469706	0.624559523839185	0.733525788980819	0.537644611496139	0.60547162951384	0.596818897375941	0.0189939729230646	0.147320053953917	0.246219163999167	0.479562240223752	scaffold750644_27863_31476__1074
non_tcontig	1	ctg7180063399372	2176	97.4	NA	scaffold750644_27863_31476	1082	598	299	146	T	312	0.5217391	G	286	0.4782608696	0.488294314	NOT_MAP	NOT_MAP	GOOD	no	59.78	0.3619	6.428	4.135	0.24	1.372907	1	scaffold750644	28944	283.996666666667	0.096028373712074	0.942192412112254	0.961869872067236	0.158896827278171	0.673450447329607	0.141584013911001	0.280769867460342	0.619657899946541	0.266891082423978	0.154921990712107	0.35429219642097	0.179352368293443	0.462069724107984	0.491723316389728	0.86402537826056	0.264218146858833	0.626654177470617	0.299251874150448	0.205842748001172	0.720419031943751	0.394115030003629	0.373210576681337	0.115322177806767	0.147312417553711	0.969982545536469	0.72158334226021	0.88378707866097	0.624266040866198	0.376856488373135	0.675814620676456	0.896735645346122	0.896330600475715	0.87496050796436	0.932615089148066	0.325622720531413	0.0160741305108305	0.12143683820259	0.201051790648161	0.567971024549634	scaffold750644_27863_31476__1082
non_tcontig	1	ctg7180063399372	2147	97.4	NA	scaffold750644_27863_31476	1111	624	312	158	G	336	0.5384615	A	288	0.4615384615	0.506410256	GOOD	NOT_MAP	GOOD	no	59.83	0.2199	4.644	-0.51	-1.242	1.270092	1	scaffold750644	28973	282.13	0.0376968552034572	0.510143186525227	0.484910564120955	0.127577663358311	0.604889534657847	0.150849774091566	0.47951705030113	0.455556555808533	0.226084277462748	0.172691052458846	0.237338564273646	0.142018096305685	0.585387900466771	0.787071084775596	0.748345454833114	0.819671069119574	0.833670081028647	0.26476359475914	0.275074291335821	0.329576338930945	0.15796510866493	0.268680640261183	0.245216940195217	0.0827803291204867	0.803941252258358	0.551701160388113	0.442537869126071	0.466121134288953	0.595854109118613	0.899633455122821	0.616063644712557	0.836473694031576	0.27690550351627	0.525329477230933	0.975643226047652	0.275417591278347	0.776891288903383	0.586281412912764	0.459807787452238	scaffold750644_27863_31476__1111
non_tcontig	1	ctg7180063399372	2108	97.4	NA	scaffold750644_27863_31476	1150	766	383	291	C	668	0.8720627	T	98	0.1279373368	0.224543081	NOT_MAP	NOT_MAP	NOT_MAP	no	59.42	1.8667	0	3.175	1.756	1.222018	0	scaffold750644	29012	279.433333333333	0.704315567583732	0.263689877222118	0.595778025304257	0.688257045389074	0.388381370215037	0.873757988362701	0.878739700094459	0.546805742824652	0.928012193909645	0.550810047959975	0.722564985272585	0.956147175614962	0.377689436658067	0.497832832109428	0.17522068488382	0.766109914077567	0.41607875688976	0.125768697856877	0.82294995517884	0.88529183807809	0.833399893331435	0.943434014203005	0.0213992678502716	0.346136134748568	0.635317958160571	0.650720814067306	0.938384217608131	0.993810054305045	0.737888190675086	0.520451824140636	0.470870222366835	0.452057422876667	0.69066425062657	0.461559767402267	0.236383336381306	0.894927583888023	0.902648481844994	0.25131296513372	0.948022892695571	scaffold750644_27863_31476__1150
non_tcontig	1	ctg7180063399372	2103	97.4	NA	scaffold750644_27863_31476	1155	768	384	189	A	421	0.5481771	C	347	0.4518229167	0.4921875	NOT_MAP	NOT_MAP	NOT_MAP	no	59.25	1.7578	0	-5.8	-1.555	1.352031	0	scaffold750644	29017	283.27	0.00470703191503522	0.328399819666133	0.203484915779457	0.107291084499707	0.765296085278956	0.0381306750506995	0.173042230265299	0.863873207724536	0.0759115797488301	0.361605839860378	0.100983359967574	0.0710196098050041	0.668892039842379	0.461935311954437	0.93072271245828	0.314242117932727	0.813633729656574	0.792523777276715	0.0793428723493229	0.608408150133699	0.304991789549275	0.168569865415378	0.716283367480951	0.0702228595085923	0.347795108775036	0.774722435340063	0.837081286643868	0.955288301466341	0.906458046725817	0.407205026967029	0.812622719583994	0.999610684963241	0.884541405851466	0.947151280274551	0.495660701297198	0.608363361312741	0.771805830832123	0.372251575052481	0.979164518267626	scaffold750644_27863_31476__1155
non_tcontig	1	ctg7180063399372	2099	97.4	NA	scaffold750644_27863_31476	1159	768	384	185	T	435	0.5664062	A	333	0.43359375	0.481770833	NOT_MAP	NOT_MAP	NOT_MAP	no	59.22	1.7326	0	11.805	1.031	1.28169	0	scaffold750644	29021	279.4	0.00480496717216106	0.576759906335762	0.212257594092023	0.132800446541952	0.986386495969398	0.0355696234078818	0.0713574661499299	0.613679587049982	0.198789620250896	0.676674674471975	0.249569848617412	0.068467085098807	0.842114968198795	0.582555433130713	0.674994215322536	0.454162893518392	0.920611812714853	0.768992350135919	0.0723588683643565	0.739597544789886	0.346022992541728	0.351661520278794	0.728555428083997	0.165571077004998	0.253156346455526	0.985615394922423	0.962257406865069	0.754082621523208	0.849248906784079	0.654236486967738	0.944636988764851	0.865403314052976	0.983769215189772	0.972353658331267	0.851742908047385	0.453126102741615	0.653571322806803	0.448888217529204	0.812672903040324	scaffold750644_27863_31476__1159
non_tcontig	1	ctg7180063399372	2073	97.4	NA	scaffold750644_27863_31476	1185	864	432	364	G	795	0.9201389	T	69	0.0798611111	0.155092593	NOT_MAP	GOOD	NOT_MAP	no	59.31	0.6361	0	0.942	1.171	1.267016	0	scaffold750644	29047	283.31	0.36618674030766	0.50203494185865	0.719667820214853	0.118089844709336	0.586762451149897	0.112394616579858	0.262108536393675	0.454046220361797	0.130708089889896	0.171944289863859	0.108910368897603	0.120620036279128	0.332203617629355	0.199747953608197	0.750635872485349	0.189510370700341	0.495522157755317	0.351838911370786	0.15082896490746	0.303079518295182	0.260347529372187	0.108234456149571	0.311274855029691	0.178718403216943	0.75884901004155	0.873300933761037	0.535915450059838	0.531155715611273	0.383075200792878	0.0387780853968078	0.0244530818845225	0.34644224766048	0.0596545259348866	0.0815435898048523	0.107354717603321	0.481274344617281	0.0222505051129146	0.567626545601411	0.462027476333358	scaffold750644_27863_31476__1185
non_tcontig	1	ctg7180063399372	2060	97.4	NA	scaffold750644_27863_31476	1198	868	434	276	C	692	0.797235	T	176	0.202764977	0.322580645	NOT_MAP	NOT_MAP	NOT_MAP	no	59.38	0.4738	0	5.382	0.533	1.04666	1	scaffold750644	29060	277.356666666667	0.81003655408468	0.180588754434899	0.852744081273561	0.599464007831253	0.620217007969443	0.31398057723742	0.181731689066055	0.0651502539899707	0.956594900204571	0.173095191122268	0.858377946928135	0.376304082736667	0.835881364906911	0.987438765278345	0.553843527850281	0.947112496511155	0.751861708076311	0.04881654915445	0.313728676952967	0.673643447304697	0.988873795727795	0.75204455998635	0.745545674480399	0.390143230580401	0.476101260812078	0.291479502077712	0.376418582260514	0.348086780966567	0.466009901684268	0.376970101410128	0.0753010947460358	0.0968308411035646	0.0744643487366027	0.0445481210356707	0.642679706416727	0.327657718545615	0.750318851696321	0.502956856292974	0.319894394757847	scaffold750644_27863_31476__1198
non_tcontig	1	ctg7180063399372	2020	97.4	NA	scaffold750644_27863_31476	1238	794	397	199	T	431	0.5428212	G	363	0.4571788413	0.501259446	NOT_MAP	NOT_MAP	NOT_MAP	no	59.71	1.5806	0	0.675	-1.009	1.335426	2	scaffold750644	29100	283.64	0.0185351127734646	0.793296489882711	0.824440243885704	0.0741605398532994	0.197443668470673	0.0527184155490441	0.301470501660349	0.617241385191977	0.0643081226614828	0.201172774728735	0.0373535634886578	0.0704590589270767	0.179846586545296	0.141066057707258	0.334924584108127	0.144040344473859	0.235439231606626	0.501924768921437	0.070798141314133	0.26540829056266	0.150746482347113	0.0902788657226229	0.882905782211617	0.0784011247448106	0.87526698403215	0.25385132155733	0.373627966228156	0.721279004740194	0.757164137020512	0.328277645188725	0.836759764179552	0.95670313520057	0.875268767280691	0.880083064093128	0.767826474419163	0.777189677001873	0.602895938858237	0.612190766366554	0.690301342026114	scaffold750644_27863_31476__1238
non_tcontig	1	ctg7180063399372	2016	97.4	NA	scaffold750644_27863_31476	1242	774	387	184	C	454	0.5865633	A	320	0.4134366925	0.475452196	NOT_MAP	NOT_MAP	NOT_MAP	no	59.73	1.5993	0.546	-5.975	2.06	1.297521	0	scaffold750644	29104	281.826666666667	0.178356993779298	0.933406303373694	0.503866543002037	0.0559830928785765	0.0935877235176662	0.157895854789489	0.553247797639463	0.76205784015174	0.179571803623309	0.354729575872395	0.0922984124542779	0.136322860974032	0.0834650734925726	0.0631141143865214	0.161174911096658	0.0398038865313244	0.0794624830520099	0.316641744012617	0.169834079425524	0.490101412015951	0.265333721142559	0.239257612876354	0.138247358799921	0.0205690503922751	0.572444198471455	0.26762795137915	0.08282440726819	0.174298953434593	0.139934228991443	0.402994708907922	0.877635163921644	0.923491401484016	0.749225743016836	0.718066847411347	0.74479205262137	0.395802143187168	0.207533805988867	0.761087253896796	0.140293413330065	scaffold750644_27863_31476__1242
non_tcontig	1	ctg7180063399372	2014	97.4	NA	scaffold750644_27863_31476	1244	746	373	191	A	381	0.5107239	C	365	0.4892761394	0.512064343	NOT_MAP	NOT_MAP	NOT_MAP	no	59.73	1.6158	1.762	-6.052	-0.405	1.351638	0	scaffold750644	29106	281.626666666667	0.0082976697995884	0.722416552283821	0.961523777170378	0.012844416647712	0.0614207639598503	0.0168404957266848	0.200780092501614	0.788149527620435	0.0425411616494948	0.208659142302524	0.0127438907744797	0.0169936163781543	0.0569076105900202	0.0371269010559872	0.202999726317293	0.035263057001268	0.0994712131663958	0.467894049899201	0.0210365265142633	0.0922284835504879	0.0567269381776686	0.0407298945794774	0.535043950663313	0.0225968481704749	0.701887758891532	0.327937379643453	0.360895895412762	0.599321847021801	0.612474337874765	0.33371466985055	0.934321994284777	0.947238472501658	0.709782079724792	0.777549891729114	0.629644023505262	0.753507948053623	0.91309303265043	0.771441490637624	0.552612745909659	scaffold750644_27863_31476__1244
non_tcontig	1	ctg7180063399372	2005	97.4	NA	scaffold750644_27863_31476	1253	774	387	196	A	412	0.5322997	G	362	0.4677002584	0.506459948	NOT_MAP	NOT_MAP	GOOD	no	59.81	0.4664	3.243	-5.533	-5.56	1.263964	0	scaffold750644	29115	276.35	0.00579337634334283	0.72308422524029	0.798743468134018	0.0301185439920036	0.217855863024822	0.0180930818451896	0.0782142004044953	0.548790468782566	0.279045906093989	0.675162891485798	0.163623927960083	0.026914759904107	0.13306431097136	0.0796034613492375	0.349791870272206	0.0512085683016891	0.171957078156102	0.81258118481302	0.0375939761331994	0.248544131812451	0.0991340527397013	0.24918237444468	0.746636122424087	0.243363345219778	0.633217080440301	0.599529218388752	0.37943878167236	0.893530185160956	0.765095168595327	0.368571763813682	0.609388975106296	0.62545934033147	0.959725355235046	0.796163898344684	0.858939502851659	0.70009010411026	0.997914783614873	0.912291150353633	0.793372819580409	scaffold750644_27863_31476__1253
non_tcontig	1	ctg7180063399372	2000	97.4	NA	scaffold750644_27863_31476	1258	810	405	204	A	440	0.5432099	G	370	0.4567901235	0.503703704	NOT_MAP	NOT_MAP	GOOD	no	59.99	0.3258	3.254	1.208	5.568	1.232049	0	scaffold750644	29120	282.226666666667	0.00939337531018018	0.623348480763357	0.681310982937931	0.0604380677927151	0.270342479562005	0.0578284590544477	0.17546801146932	0.632372847779731	0.301362817698237	0.604468427221425	0.223628025424062	0.0749612174832611	0.191142856639143	0.140167028994594	0.412538382750096	0.10711924196832	0.240541288489647	0.623677985643406	0.100885928390884	0.385548130663894	0.157097344455298	0.284265463064342	0.229231770661674	0.127615418339125	0.852048854555711	0.527847824547555	0.34796151261548	0.764493890526388	0.751946702133385	0.547539487834634	0.865964983754425	0.894862149411635	0.777787075304888	0.931669537503353	0.699295152100613	0.742706127074506	0.73321556593177	0.637167063082726	0.712624073185524	scaffold750644_27863_31476__1258
non_tcontig	1	ctg7180063399372	1845	97.4	NA	scaffold750644_27863_31476	1413	890	445	299	A	727	0.8168539	T	163	0.1831460674	0.28988764	NOT_MAP	NOT_MAP	NOT_MAP	no	58.96	0.3237	0	14.119	0.653	1.013142	0	scaffold750644	29275	284.416666666667	0.730282598880581	0.319643885212111	0.545792831110617	0.905138393322189	0.635832036227444	0.781844216023794	0.692929475673992	0.136638469049342	0.652071768623087	0.160530341059791	0.747350938019723	0.706410843958191	0.679591691900819	0.923604962725574	0.663862227006064	0.886567705348825	0.704993569662801	0.0753523421990157	0.695745568499232	0.895324705330526	0.898218365938921	0.901897734679803	0.559993914871525	0.740712475586066	0.685023441182932	0.43433649733943	0.497824767687402	0.654225839823641	0.50530034230869	0.733854864095418	0.506831785313965	0.597561251872112	0.737031570592273	0.540146202436647	0.384687930184242	0.296834160472754	0.765786932976201	0.794758144914929	0.533983848653863	scaffold750644_27863_31476__1413
non_tcontig	1	ctg7180063399372	1814	97.4	NA	scaffold750644_27863_31476	1444	898	449	205	G	549	0.6113586	T	349	0.3886414254	0.456570156	NOT_MAP	NOT_MAP	GOOD	no	59.68	0.3196	1.804	0.475	-1.278	1.081492	0	scaffold750644	29306	284.57	0.0041327198045988	0.679772901159185	0.137319188772901	0.146411441213927	0.977548629296988	0.025063959280536	0.0745936683545399	0.744175051201602	0.116774206754438	0.152213643759911	0.225251963263494	0.0583107486479667	0.653431461388419	0.662593505766697	0.710517136520701	0.431158931534133	0.96720650474619	0.537084436055428	0.0633362312446974	0.773357029031562	0.263561579259888	0.1714214975672	0.563370164348809	0.706805861751438	0.277775106594328	0.430010793497981	0.80704920189515	0.818163649919196	0.993527051111055	0.74885462402008	0.499803494564989	0.665170831150661	0.373407198808826	0.36084570014592	0.848028612015021	0.42503622608438	0.930612880827363	0.880031203719163	0.928325790013494	scaffold750644_27863_31476__1444
non_tcontig	1	ctg7180063399372	1770	97.4	NA	scaffold750644_27863_31476	1488	812	406	292	T	689	0.8485222	C	123	0.1514778325	0.25862069	NOT_MAP	NOT_MAP	NOT_MAP	no	58.45	2.5899	0.65	8.819	-0.334	1.028777	0	scaffold750644	29350	276.116666666667	0.00391923689629254	0.0744053705456972	0.88218392039695	0.000271492915121274	0.573129288987286	2.83143998980611e-05	0.000569130359420096	0.727560757985896	0.0173004239324676	0.0767163359584961	0.0197203865323959	2.81935207538425e-05	0.162738555664315	0.0773802852737658	0.878210723845646	0.0315635016162883	0.465876327962046	0.88489633339104	7.31620158783006e-05	0.131855866951742	0.00979407148551336	0.00261595699905437	0.82405797189846	0.145482258923987	0.106852614265736	0.090574325908136	0.274947846750645	0.172825744776142	0.388938217087887	0.671142334367945	0.908077572679641	0.976867031783037	0.716290790683804	0.92432770135537	0.713870706127312	0.948970785045976	0.85191632264875	0.534925602924831	0.216566156846977	scaffold750644_27863_31476__1488
non_tcontig	1	ctg7180063399372	1767	97.4	NA	scaffold750644_27863_31476	1491	592	296	155	T	315	0.5320946	C	277	0.4679054054	0.523648649	NOT_MAP	NOT_MAP	NOT_MAP	no	58.24	2.5958	0.532	10.485	0.719	1.256637	0	scaffold750644	29353	279.256666666667	0.00795155104835233	0.243750778796467	0.329801526806839	0.0594012916709767	0.337038642346667	0.0601450772520898	0.215466853171437	0.627451177454373	0.403859065719377	0.618454185672495	0.209053215281793	0.0455510373506131	0.35167127584894	0.278348622101469	0.70474824620812	0.258183602002563	0.608246152024383	0.908940308528776	0.0879259418405348	0.142193492119876	0.104886728009192	0.295920366807885	0.289042909456658	0.642055066396062	0.0353446121341405	0.935924643285159	0.367540685650571	0.271246375156067	0.195553011761728	0.190925066205138	0.313196133625032	0.35599191071207	0.763703755362623	0.504898577829545	0.393836347499687	0.118366100205452	0.741545089453494	0.132514079854126	0.2556506833952	scaffold750644_27863_31476__1491
non_tcontig	1	ctg7180063399372	1757	97.4	NA	scaffold750644_27863_31476	1501	922	461	223	C	547	0.5932755	T	375	0.4067245119	0.48373102	NOT_MAP	NOT_MAP	GOOD	no	57.86	0.8835	0	-1.446	-0.193	1.081935	0	scaffold750644	29363	275.85	0.0029241169133758	0.874996909164056	0.172111551101117	0.0599846775610467	0.932779355039988	0.00669534711904948	0.0113530495647743	0.933790825948956	0.0383183794426482	0.285900285542977	0.0887918080194679	0.0153557307714496	0.71807022932059	0.627344297333717	0.568600177246512	0.396110473409276	0.878345337478105	0.82550675271146	0.0184009608344991	0.584765220139679	0.185987543161689	0.0694486560918572	0.404112779552125	0.742478074356233	0.408861439315863	0.546484564023175	0.529118903176448	0.950648735285489	0.882541069320482	0.47758687156977	0.933119144602275	0.79615408971893	0.829855011023019	0.857727662991404	0.898879977520764	0.458087397044654	0.750073641589097	0.706628144940746	0.973266317816057	scaffold750644_27863_31476__1501
non_tcontig	1	ctg7180063399372	1718	97.4	NA	scaffold750644_27863_31476	1540	876	438	285	G	710	0.8105023	A	166	0.1894977169	0.319634703	NOT_MAP	NOT_MAP	NOT_MAP	no	57.5	0.2909	0	21.289	1.634	1.093533	0	scaffold750644	29402	280.086666666667	0.420042289419606	0.0789794999131382	0.367282099684592	0.116757675552815	0.699778439697345	0.0709949752532998	0.237948768221252	0.361137895425588	0.398757360493969	0.823312749936165	0.391128048823361	0.0579642015576857	0.501053955003787	0.266127747024472	0.870507327868463	0.2223698290426	0.671714473087803	0.179149201250118	0.058685644780126	0.563440879161528	0.329935742129064	0.192673078278758	0.276026212277856	0.863055168386909	0.304582372751536	0.450246221770526	0.297856729052683	0.39734349848322	0.486968139926142	0.511124912246461	0.231597031626476	0.178267844188504	0.368977434736347	0.192885030538724	0.115910117383452	0.547810362728146	0.766541818531086	0.251528879618173	0.390957631079387	scaffold750644_27863_31476__1540
non_tcontig	1	ctg7180063399372	1658	97.4	NA	scaffold750644_27863_31476	1600	684	342	285	G	625	0.9137427	T	59	0.0862573099	0.160818713	NOT_MAP	NOT_MAP	NOT_MAP	no	59.91	0.3081	0	0.213	-1.028	1.085324	0	scaffold750644	29462	278.216666666667	0.454461499601928	0.0992742941629766	0.877145548481277	0.221345214475661	0.946736481261795	0.0262489057215758	0.00831720880350578	0.167942478466311	0.0194598045545154	0.128691858247537	0.0438293843048011	0.079531264470844	0.676482119502693	0.642703548868825	0.664935370361341	0.459019053041418	0.945312045169712	0.552320837941575	0.0700804603891578	0.344747134210387	0.284037622337139	0.0449501177943788	0.0480916563095156	0.360681340920075	0.937695261873497	0.538079010009208	0.126764499205087	0.109924907859038	0.0498406288230107	0.610227810423599	0.456988261327375	0.601728009498074	0.324695515184062	0.344805163689076	0.812818134382453	0.109516579217935	0.84904754464856	0.0388721254561043	0.0748354934892817	scaffold750644_27863_31476__1600
non_tcontig	1	ctg7180063399372	1597	97.4	NA	scaffold750644_27863_31476	1661	604	302	148	A	346	0.5728477	T	258	0.4271523179	0.490066225	NOT_MAP	NOT_MAP	GOOD	no	59.92	1.3744	0	-0.534	1.852	1.035533	0	scaffold750644	29523	284.703333333333	0.0118461635963988	0.262106847354172	0.242702285978132	0.0722317389375252	0.614320982559853	0.0321334944246664	0.0801238179110027	0.897058040625022	0.522366810225376	0.539484000536401	0.490678001960713	0.065025603487127	0.446218092143923	0.370529288570398	0.700874718669629	0.348838749621447	0.612975481285803	0.807923990540471	0.0768637945860592	0.546377062522497	0.216856260260414	0.326906765087697	0.395410408405363	0.904288430003376	0.0998879738001683	0.929234583492619	0.837459796665915	0.555718371145028	0.548077051689397	0.677066017026673	0.929210279660373	0.735341221264762	0.926791240550354	0.901690334467983	0.58314111553447	0.0142056976926239	0.380292146538253	0.61328810295903	0.56550372085283	scaffold750644_27863_31476__1661
non_tcontig	1	ctg7180063399372	1564	97.4	NA	scaffold750644_27863_31476	1694	672	336	156	T	392	0.5833333	C	280	0.4166666667	0.464285714	NOT_MAP	NOT_MAP	GOOD	no	59.84	0.413	0.549	-0.418	0.13	1.026437	0	scaffold750644	29556	282.713333333333	0.00669092196768678	0.820453099656079	0.568773845501746	0.0266179272222472	0.636961945239516	0.00419891990134029	0.00921489880192014	0.445745094846489	0.0945250462516968	0.673246578129053	0.0929787062356358	0.00770437705160047	0.391067164858445	0.123056402096262	0.620052424305977	0.0519698133608853	0.334047544576836	0.694084554607954	0.0064611668733706	0.673434575987486	0.27136409658425	0.0997142876535777	0.811346466964491	0.566617547484626	0.244172392908918	0.784947797872776	0.336949561749919	0.309713618560082	0.418487405257265	0.466113655662249	0.389691564421136	0.85261010797062	0.35888278306202	0.447627448231247	0.877844864710962	0.222900079536406	0.37511199309259	0.95375668795295	0.369605719917221	scaffold750644_27863_31476__1694
non_tcontig	1	ctg7180063399372	1540	97.4	NA	scaffold750644_27863_31476	1718	714	357	172	T	410	0.5742297	C	304	0.4257703081	0.481792717	NOT_MAP	NOT_MAP	GOOD	no	59.78	0.3814	2.728	0.107	0.388	1.012195	0	scaffold750644	29580	283.843333333333	0.00481652695613575	0.709432034668732	0.325819958018658	0.0267026198001197	0.484757466257806	0.0130686948292891	0.061059318238534	0.935231556642436	0.0683950637302254	0.218417872441207	0.0504742126584902	0.0178825559620356	0.329766931562541	0.179181812270934	0.715550975915368	0.128812364478512	0.420982811391414	0.854420633603668	0.0233885396566466	0.354031936030711	0.0976763524449097	0.043570385225287	0.565751620265037	0.918513294158232	0.209626217926319	0.982527189161928	0.693377889830743	0.63200784372952	0.446833035484057	0.68814340695124	0.946673528933309	0.816503171089311	0.692371326940439	0.862854992592615	0.653684840766613	0.532737298901149	0.226111246928259	0.349155557146817	0.598956089465792	scaffold750644_27863_31476__1718
non_tcontig	1	ctg7180063399372	1525	97.4	NA	scaffold750644_27863_31476	1733	724	362	265	C	623	0.8604972	A	101	0.1395027624	0.256906077	GOOD	NOT_MAP	GOOD	no	59.79	0.31	1.906	-1.333	1.425	1.001706	0	scaffold750644	29595	279.09	0.526421434875206	0.157782875215719	0.0831359562091053	0.0606788527094377	0.0558970052457423	0.529764419447767	0.665923876446545	0.722809824743016	0.95883454152782	0.321834660954784	0.401327594554862	0.262948283317979	0.0193175028408627	0.0625148048930103	0.0249608618219291	0.192940936581961	0.0725645629675469	0.0684942839699043	0.723499909984179	0.189119558165913	0.085894904005795	0.395543726805525	0.122255806250897	0.226260426345489	0.30398666892472	0.626946896415179	0.925059915020539	0.998566993092506	0.693871742728888	0.29432684241305	0.293731369931985	0.382925856243665	0.600312570159807	0.432894297080441	0.576004266297494	0.333578573436566	0.452053546064867	0.240128613751726	0.915480545730183	scaffold750644_27863_31476__1733
non_tcontig	1	ctg7180063399372	1498	97.4	NA	scaffold750644_27863_31476	1760	856	428	217	G	463	0.5408879	A	393	0.4591121495	0.507009346	NOT_MAP	NOT_MAP	GOOD	no	59.77	0.8004	3.784	1.461	-0.351	1.122329	0	scaffold750644	29622	282.18	0.00103906692301748	0.958143538130576	0.222023823471815	0.0317357612197808	0.835529010028837	0.0133947726525871	0.0444512434051021	0.737608048666152	0.0859768896446692	0.205577610187074	0.150068303751404	0.0227643242321003	0.436504254766857	0.349686901477724	0.8026772997432	0.215931080534419	0.700071439218618	0.881552472290728	0.0322459756547596	0.656762640686276	0.107013093315947	0.0901209127260768	0.355328284146726	0.492828630942091	0.256263668788067	0.901454749735628	0.666502549161492	0.580192001928466	0.354297853372685	0.703623628170234	0.755976012168572	0.788506059209323	0.989809695986661	0.877391105840012	0.455680220187555	0.327641637304208	0.395270199177498	0.124112092591303	0.536174518811468	scaffold750644_27863_31476__1760
non_tcontig	1	ctg7180063399372	1488	97.4	NA	scaffold750644_27863_31476	1770	742	371	189	C	393	0.5296496	T	349	0.4703504043	0.509433962	NOT_MAP	NOT_MAP	GOOD	no	59.79	0.6599	3.785	-0.525	-0.953	1.037896	0	scaffold750644	29632	282.553333333333	0.00426196774043947	0.894961414131804	0.573774226921149	0.00469314921052397	0.359850309610439	0.00332133532139161	0.0543231475985304	0.992696871103222	0.00946051366913962	0.0885046458909121	0.00752544059079033	0.00455550591744698	0.140369172342868	0.0480742726900985	0.471489764200491	0.0264802104516264	0.192687020320724	0.859969434643835	0.0100955003578789	0.25087220531034	0.058027873391067	0.00909601674001666	0.90666317683116	0.801226253390358	0.256732611183729	0.584361559249196	0.998119851867428	0.779061120846049	0.792598836128754	0.745857003462548	0.774190975527695	0.512793414146672	0.821539483476111	0.648187758708803	0.587495155854016	0.621148612445306	0.404546884643824	0.715975295397201	0.832683433346911	scaffold750644_27863_31476__1770
non_tcontig	1	ctg7180063399372	1472	97.4	NA	scaffold750644_27863_31476	1786	136	68	49	G	115	0.8455882	T	21	0.1544117647	0.25	NOT_MAP	NOT_MAP	NOT_MAP	no	59.82	0.6854	1.699	-1.467	-2.506	1.154472	0	scaffold750644	29648	279.183333333333	0.134820607701016	0.75821994776664	0.0125023689699666	0.873289945692494	0.0653066772870911	0.564929924390752	0.0279564416501286	0.0167357997086551	0.140864018702908	0.0409653764250118	0.0589990438392569	0.900365984709673	0.0896115337275607	0.0938700654467338	0.00571170718544873	0.157056832187794	0.0211352272377356	0.00552740100085175	0.999085170185356	0.523693461684283	0.884222528257502	0.242221010792636	0.282407623728728	0.00582339245354818	0.313220325155567	0.399756526639942	0.417974758147057	0.146950841963668	0.0543010622674114	0.139943694396571	0.0437594014147419	0.329521633119386	0.00112870823319369	0.0264073783292298	0.207471296702029	0.0626474299653727	0.00674114210952427	0.0828902799567577	0.118693077212005	scaffold750644_27863_31476__1786
non_tcontig	1	ctg7180063399372	1440	97.4	NA	scaffold750644_27863_31476	1818	952	476	222	G	582	0.6113445	C	370	0.3886554622	0.466386555	NOT_MAP	NOT_MAP	GOOD	no	59.84	0.5208	5.803	-0.391	1.13	1.158192	0	scaffold750644	29680	286.753333333333	0.00188730286771768	0.801129656999348	0.388649350726681	0.016154718709725	0.473005834471379	0.00354517025348548	0.0372454966896482	0.215220455019413	0.345614233838439	0.967105060860116	0.302401068326998	0.00649460527443062	0.212835545805006	0.0654351505691802	0.295205545358733	0.016132173915813	0.102393748303447	0.618454778358358	0.0100288840580508	0.541581401951863	0.185664516283803	0.381597851345143	0.94869635378446	0.954755914091542	0.452955702240122	0.936762414344186	0.968582048063375	0.859933258211715	0.974448299254327	0.633125013971007	0.89377472711895	0.684724825145553	0.867556465575657	0.914862816807737	0.336994266836637	0.976849118641346	0.980187607786222	0.661718125997798	0.956559794174306	scaffold750644_27863_31476__1818
non_tcontig	1	ctg7180063399372	1413	97.4	NA	scaffold750644_27863_31476	1845	838	419	325	C	741	0.8842482	T	97	0.11575179	0.217183771	GOOD	NOT_MAP	GOOD	no	59.85	0.6688	2.05	0.02	2.651	1.09498	0	scaffold750644	29707	279.453333333333	0.558799630753213	0.0463661698975537	0.849883515436043	0.881243762443023	0.296205577978502	0.770043838600259	0.537583771354211	0.747978551156813	0.773616990645737	0.809736400073557	0.728503981356122	0.723755252272269	0.323524250333862	0.41361642581635	0.150895344255574	0.36163815215201	0.260176999506509	0.252631488242219	0.578374683264415	0.884824662333594	0.747211947934483	0.781813172080779	0.0804787876023999	0.267266771070555	0.894263184747639	0.673567829549477	0.459242185219391	0.418761097139714	0.375897681897473	0.450862240028197	0.485196416521888	0.548440402786682	0.754712296137262	0.559774117354732	0.842960280084158	0.512332006025356	0.243049384436255	0.461731369010641	0.368656326703547	scaffold750644_27863_31476__1845
non_tcontig	1	ctg7180063399372	1389	97.4	NA	scaffold750644_27863_31476	1869	1058	529	244	G	620	0.5860113	A	438	0.4139886578	0.461247637	NOT_MAP	NOT_MAP	GOOD	no	59.85	0.9198	1.231	-1.087	0.77	1.231527	0	scaffold750644	29731	285.013333333333	0.00103413173266588	0.529210221161096	0.386504504234189	0.00810012615588153	0.584244891570537	0.00108066750572466	0.00961250846813202	0.720955292342334	0.00378428430904747	0.0830026392192665	0.00824833983613269	0.00195674001386156	0.325702825267409	0.255299148400287	0.997137627044832	0.149797371444072	0.568939040632017	0.905149624333123	0.00613876755208976	0.180199282463129	0.0321320286720484	0.00620004186913656	0.988059044148758	0.426195270092524	0.171631152105921	0.834430985052259	0.868177598210648	0.961307671778964	0.80436787859633	0.551178018712184	0.888975879767249	0.728965806153352	0.694538275487711	0.940545123851799	0.948040815685317	0.799332953732666	0.828962494326681	0.262888001191634	0.979520700327839	scaffold750644_27863_31476__1869
non_tcontig	1	ctg7180063399372	1343	97.4	NA	scaffold750644_27863_31476	1915	1112	556	250	A	656	0.5899281	C	456	0.4100719424	0.449640288	NOT_MAP	NOT_MAP	GOOD	no	59.87	0.7155	0	2.698	1.384	1.32896	0	scaffold750644	29777	283.136666666667	0.000857544170754696	0.995510444191731	0.111972537610979	0.0465199017596881	0.836410981728512	0.00566682868045156	0.015811131960717	0.980916209935942	0.0305396016608866	0.256704340298057	0.0725371380913442	0.0149407451686169	0.638529782915505	0.509555245973825	0.673395962220695	0.266746703604912	0.899790785286575	0.99541819696968	0.0207874935850061	0.485868306656637	0.132160287158203	0.0646306721663424	0.656499038758434	0.511648395568906	0.491939966100566	0.684580557068142	0.52173637839459	0.911178918729919	0.960568162927331	0.559010010525073	0.989785234683597	0.816807715077743	0.493218579237121	0.774379948960119	0.909102567317908	0.676237831310328	0.821697581354553	0.317343367629239	0.886706040627035	scaffold750644_27863_31476__1915
non_tcontig	1	ctg7180063399372	1314	97.4	NA	scaffold750644_27863_31476	1944	1100	550	254	A	642	0.5836364	C	458	0.4163636364	0.461818182	NOT_MAP	NOT_MAP	GOOD	no	59.87	4.3371	0.531	0.087	3.807	1.244278	0	scaffold750644	29806	284.793333333333	0.00274915181671373	0.957161839266402	0.154274009728879	0.0628843687904866	0.921486077304816	0.00990266409816118	0.028256329235841	0.858816908089655	0.0544842700508208	0.274803434070168	0.120100283433376	0.0192563148157079	0.685540072996111	0.617168894204751	0.721491925696891	0.424725977806388	0.971084007703817	0.818750515039914	0.0301883455335903	0.592609091674279	0.241625928676667	0.106851644936236	0.673596311788378	0.459932183567521	0.650502507515727	0.575647950830893	0.74394237359135	0.833313492198013	0.997129459962581	0.657384687634139	0.804749284017807	0.951072944465937	0.422984431472188	0.588335742267374	0.833201434681656	0.929967134789989	0.99179670614616	0.456289400295726	0.820461881419948	scaffold750644_27863_31476__1944
non_tcontig	1	ctg7180063399372	1311	97.4	NA	scaffold750644_27863_31476	1947	1150	575	371	C	921	0.8008696	A	229	0.1991304348	0.311304348	NOT_MAP	NOT_MAP	NOT_MAP	no	59.88	4.5118	0	-2.34	3.702	1.002917	0	scaffold750644	29809	277.353333333333	0.461699625944896	0.721389867812404	0.548770465207931	0.355122217064174	0.687222526124099	0.374415859957744	0.478957766716581	0.345735180853596	0.645992832873991	0.599684259966472	0.484162918030878	0.309793308254919	0.614942512998953	0.61547189784688	0.845265077677076	0.792650901803507	0.974838863169393	0.337840256134511	0.357656347561327	0.36454511118516	0.273797298409426	0.263348978293454	0.837620574932883	0.780387616603357	0.517973313511764	0.276525351536198	0.263197094465372	0.413004806537937	0.663419623235943	0.66485781439876	0.204746514836308	0.306326489636805	0.187690760316182	0.143895906218431	0.591613027799085	0.451079836531946	0.974073539079942	0.143171744098284	0.396261020824574	scaffold750644_27863_31476__1947
non_tcontig	1	ctg7180063399372	1171	97.4	NA	scaffold750644_27863_31476	2087	1000	500	227	A	571	0.571	C	429	0.429	0.454	NOT_MAP	NOT_MAP	NOT_MAP	no	58.09	3.9559	0	-4.575	10.821	1.544957	0	scaffold750644	29949	288.023333333333	0.00317960351870813	0.792122786109263	0.618628513364868	0.00479639648901434	0.315612014476043	0.00108719997451134	0.0231039810473468	0.678378731410752	0.03917910362129	0.35790020975765	0.0474217423274274	0.00206696250494841	0.154158202377685	0.0814842088472532	0.455605234982941	0.0333330561699634	0.221602965337871	0.908009982259973	0.00432047770547466	0.272371895308129	0.092741082876055	0.0474719831534587	0.800741785908704	0.635293639909831	0.343576896814901	0.88569929395603	0.847022375816948	0.917897538810774	0.917363894238869	0.204642755254985	0.253022249843895	0.266947886501832	0.527360028041764	0.356111342532712	0.713543874561467	0.765149961916608	0.813776370546511	0.481305971083759	0.992338683775765	scaffold750644_27863_31476__2087
non_tcontig	1	ctg7180063399372	1168	97.4	NA	scaffold750644_27863_31476	2090	986	493	225	T	567	0.5750507	G	419	0.4249492901	0.456389452	NOT_MAP	NOT_MAP	NOT_MAP	no	58.32	4.5593	0	7.026	13.427	1.602846	0	scaffold750644	29952	286.233333333333	0.00450020715280978	0.667958985644686	0.68880578138716	0.0091466793250165	0.328707641083891	0.00114690972292893	0.01711274721617	0.708412203539151	0.0340671895079837	0.322850068991831	0.0449043221073857	0.00299783396311384	0.164091578657822	0.0831784164158466	0.381203895696881	0.0426484460707999	0.200332933817006	0.84491169825091	0.00503357699260193	0.29568465555891	0.103676558906103	0.0416248385506767	0.732253815046348	0.816518214015832	0.182764427969019	0.962590222019431	0.702618008458662	0.932682643065841	0.963939977515169	0.160283848229091	0.247117911375626	0.238083909871354	0.54927290853406	0.365408021306909	0.55432376894439	0.773571035623304	0.630660037159109	0.358901466191289	0.888819827859398	scaffold750644_27863_31476__2090
non_tcontig	1	ctg7180063399372	1167	97.4	NA	scaffold750644_27863_31476	2091	964	482	219	T	547	0.5674274	C	417	0.4325726141	0.454356846	NOT_MAP	NOT_MAP	NOT_MAP	no	58.4	4.5665	0.563	-7.081	12.862	1.574399	0	scaffold750644	29953	285.186666666667	0.0115711868361771	0.478147242933912	0.939578955231597	0.00358291631961514	0.206553596378558	0.000819667461177904	0.015992606414664	0.773835153543218	0.0308843726425212	0.241987141711053	0.0356339145392436	0.00174000306413383	0.0728088684136488	0.0252239865318319	0.174398172059545	0.0188717767525676	0.0800920992998171	0.61501594135213	0.00297151300775077	0.253446347687071	0.0987736664866812	0.0347143631897274	0.707436447602442	0.994172100531772	0.181890609482198	0.936202915793318	0.88178291694511	0.823640354187937	0.71523794666319	0.186536370018801	0.240334241884434	0.31532697687683	0.459761952157976	0.348331330676082	0.915660251977569	0.670480308400689	0.472111238342025	0.277012466996051	0.853513891973822	scaffold750644_27863_31476__2091
non_tcontig	1	ctg7180063399372	1166	97.4	NA	scaffold750644_27863_31476	2092	982	491	224	A	554	0.5641548	T	428	0.4358452138	0.456211813	NOT_MAP	NOT_MAP	NOT_MAP	no	58.45	4.4419	0	10.018	11.732	1.557533	0	scaffold750644	29954	283.353333333333	0.0039765338264133	0.355683551081649	0.982876968583946	0.00158208429121558	0.228406169931273	0.000247231039636248	0.0074644335100099	0.660934383114421	0.0164216051024892	0.271103169912944	0.0197781580647166	0.000477117647915686	0.0765762751265431	0.0334795877529606	0.248669599515287	0.0151430279742631	0.102918837643854	0.788942558925489	0.00119569245179173	0.186426988056677	0.0519717112864861	0.019186213493329	0.744788944359757	0.681341899769654	0.159635422587769	0.910643924853878	0.753868910523965	0.997521433897972	0.86208477484243	0.262533926441094	0.33495786017723	0.358379060461056	0.546120691911415	0.440089720128235	0.825714798196562	0.654767808194711	0.51043276678786	0.435807263952554	0.990449501934835	scaffold750644_27863_31476__2092
non_tcontig	1	ctg7180063399372	1165	97.4	NA	scaffold750644_27863_31476	2093	1068	534	351	T	862	0.8071161	G	206	0.1928838951	0.299625468	NOT_MAP	NOT_MAP	NOT_MAP	no	58.58	4.5574	0	6.124	-0.177	1.134405	0	scaffold750644	29955	281.27	0.718491588617063	0.593450996577911	0.432556244860498	0.417026587415317	0.725722190203889	0.567335572350003	0.797354340539806	0.796037812203028	0.5445523541136	0.873530290393636	0.46717430576505	0.415564222302031	0.666541188525039	0.666998417774046	0.796463307701612	0.839479808711939	0.936494705554623	0.441029819964807	0.496777102904644	0.384875582816458	0.361172516634669	0.249908470329544	0.48376892241186	0.939902412191093	0.668449143743063	0.334287607366186	0.238969028319605	0.207075598753538	0.282778762245951	0.958450548123867	0.683573604459972	0.692773625056683	0.836383210734658	0.645304539510938	0.757997460800556	0.788051752223965	0.814769275018796	0.316399162655629	0.173561501847984	scaffold750644_27863_31476__2093
non_tcontig	1	ctg7180063399372	1158	97.4	NA	scaffold750644_27863_31476	2100	1082	541	478	T	1016	0.9390018	A	66	0.0609981516	0.11090573	NOT_MAP	NOT_MAP	NOT_MAP	no	58.79	4.3021	0	10.267	2.419	1.287599	0	scaffold750644	29962	275.983333333333	0.108757142379894	0.354355121776195	0.678460529536663	0.160101553610397	0.261307815752162	0.177926310044156	0.604044115756051	0.39888177508257	0.287066348103592	0.372888144668681	0.127718311055284	0.138205477718755	0.270998707367381	0.244431417070094	0.353594063074343	0.0711300084693004	0.218028747876477	0.315060587329286	0.128435519007966	0.150074845808671	0.288781410736076	0.196427312495963	0.481136088248126	0.476110108620815	0.881678178030602	0.934551010202783	0.805160579449898	0.653571398963311	0.791923752505783	0.325451586021253	0.338682530269771	0.957554000876073	0.289270717203798	0.312382534215595	0.854563416587151	0.87406455936643	0.0940201899203508	0.555179369527292	0.674371787306154	scaffold750644_27863_31476__2100
non_tcontig	1	ctg7180063399372	1145	97.4	NA	scaffold750644_27863_31476	2113	1032	516	357	T	851	0.8246124	C	181	0.1753875969	0.265503876	NOT_MAP	GOOD	NOT_MAP	no	59.74	0.9397	1.572	-3.151	-0.895	1.173356	0	scaffold750644	29975	280.223333333333	0.0587983937271132	0.796394219826641	0.693701808380988	0.0390384560438634	0.231906290427936	0.0443665626507135	0.222098341944794	0.969228252656468	0.432221911076808	0.278692372014812	0.283560742822057	0.0482378051862853	0.0787947030785957	0.0706835026017333	0.114313198101868	0.0297582418609984	0.0836493961408712	0.200211639206462	0.152461296496037	0.620754148006788	0.178218637941953	0.247426282242613	0.0296524601884342	0.285924436822081	0.546073413558012	0.934772030687863	0.996803166631208	0.865813564642265	0.788579884801053	0.159328159644261	0.192230831417663	0.394786730050858	0.255753141889991	0.26257727630569	0.871411535751309	0.613749394944793	0.546896335788787	0.528196636865547	0.845617869635813	scaffold750644_27863_31476__2113
non_tcontig	1	ctg7180063399372	1121	97.4	NA	scaffold750644_27863_31476	2137	1048	524	237	T	623	0.5944656	A	425	0.4055343511	0.452290076	NOT_MAP	NOT_MAP	GOOD	no	59.93	0.7695	2.718	-1.27	2.665	1.141676	0	scaffold750644	29999	288.823333333333	0.0011339922032914	0.396106543774285	0.312128906432087	0.00355164036100333	0.667774845500024	0.000102379268971518	0.00166659344465901	0.853672780574494	0.00849905534560527	0.232943823156549	0.018823569713964	0.000478424412362726	0.301085138498463	0.104240250577488	0.720867762129912	0.0493175794157789	0.367945419528648	0.966732908480982	0.000815359529684673	0.395684275342202	0.126846551254428	0.0153773399556211	0.687887728880294	0.751514402385857	0.367051679019523	0.947873744788952	0.697238844512022	0.564201367844046	0.692677618846477	0.69514207009412	0.82773004675245	0.844750839875939	0.906816630704678	0.865517402488524	0.863824852512291	0.836842986818146	0.791708388027421	0.681050137089517	0.652872987166372	scaffold750644_27863_31476__2137
non_tcontig	1	ctg7180063399372	1056	97.4	NA	scaffold750644_27863_31476	2202	1026	513	448	C	954	0.9298246	A	72	0.0701754386	0.113060429	NOT_MAP	NOT_MAP	NOT_MAP	no	59.59	1.6842	1.099	0.17	1.405	1.053785	0	scaffold750644	30064	282.553333333333	5.29808688107522e-06	0.0672250545818202	0.0164410512435029	0.00119217087134731	0.214283264800574	8.56929095655345e-08	3.70945102636689e-07	0.00319174805531499	0.0125753571183777	0.154450202925499	0.0653710625461743	8.40877182761933e-07	0.559496007217212	0.579707897568709	0.0188977379465616	0.127792602428206	0.35184752797275	7.97639115708753e-05	1.24100930512447e-07	0.492705684856729	0.0906443429075364	0.0101143220649764	0.0434702799602718	0.60490451308103	0.250409080947561	0.462542271870029	0.0648377283705739	0.0788773807725851	0.128371922596884	0.834088854810915	0.646619540698967	0.715369421500151	0.399391095470856	0.733240778949672	0.846615250754523	0.428787848170259	0.451852630736586	0.807806928615081	0.079853458114773	scaffold750644_27863_31476__2202
non_tcontig	1	ctg7180063399372	1054	97.4	NA	scaffold750644_27863_31476	2204	1034	517	232	C	610	0.589942	T	424	0.4100580271	0.448742747	NOT_MAP	NOT_MAP	GOOD	no	59.59	1.7381	5.003	-0.632	0.817	1.0648	0	scaffold750644	30066	290.18	0.00396534270607171	0.45207809944786	0.244152109059884	0.0237287252532429	0.981558933545935	0.00113766656115411	0.00746393541259691	0.992140987656074	0.0241709158359476	0.246384269304629	0.0586466657436661	0.00456741574071849	0.566533589125131	0.265614048345876	0.913576178893469	0.13038002176842	0.632549844171177	0.793119249336386	0.00727109486489954	0.835027483594191	0.317454540681471	0.0692925443552703	0.970910563555847	0.923012204927689	0.227590880691268	0.804933993022075	0.815952850000119	0.69404218049401	0.600873254744636	0.479067895315738	0.851124740757943	0.866854649159964	0.993009660178807	0.915542132285652	0.686213917083256	0.87003689915359	0.991658469949916	0.981923515534667	0.600101576032247	scaffold750644_27863_31476__2204
non_tcontig	1	ctg7180063399372	1001	97.4	NA	scaffold750644_27863_31476	2257	1064	532	357	C	866	0.8139098	A	198	0.1860902256	0.285714286	NOT_MAP	NOT_MAP	NOT_MAP	no	59.47	1.8764	0.756	-3.157	-1.044	1.018005	0	scaffold750644	30119	282.21	0.700247816010422	0.702268669272812	0.93920267669589	0.650500759309538	0.695193922665705	0.552531402082279	0.424938131905803	0.14077347245556	0.768776187540954	0.209061592648567	0.811507033782221	0.500737278856275	0.747556393117939	0.977154553499864	0.406259362208541	0.980262745337531	0.522948254251309	0.0588525037460791	0.449501818257939	0.971181603819234	0.92589114728945	0.93829603445715	0.153314973070772	0.601833122893645	0.89487724154979	0.672306255038331	0.409024620787543	0.376065028736568	0.593840263538457	0.479784854258364	0.25659530893971	0.381860424048062	0.456072403609584	0.270823961377273	0.45970239536316	0.363210741008557	0.985701270284943	0.293710240713748	0.373501470122218	scaffold750644_27863_31476__2257
non_tcontig	1	ctg7180063399372	952	97.4	NA	scaffold750644_27863_31476	2306	1148	574	260	T	690	0.6010453	C	458	0.3989547038	0.452961672	NOT_MAP	NOT_MAP	GOOD	no	58.04	1.3865	4.367	-1.664	-0.243	1.104718	1	scaffold750644	30168	286.943333333333	0.00558921691021049	0.26261994170865	0.473635149866606	0.014626484207	0.931431349804384	0.00159971580828885	0.00633725212887478	0.978771028139856	0.0347752009156987	0.242860932809827	0.0737360520786564	0.00358296998002175	0.466926239920191	0.236635879240184	0.9680064673424	0.151236654815266	0.554666803350003	0.855589645064924	0.00599115045016065	0.610847147958941	0.156250055047553	0.0579198788098763	0.875690355609668	0.67522777021612	0.471779986398498	0.895201084687184	0.871533452358673	0.758436771834249	0.760143924848094	0.995893363831985	0.846137050623097	0.866946351485603	0.844084490074762	0.807889962131807	0.918514421674947	0.718942131969511	0.667893237017693	0.696929804886159	0.786408501464026	scaffold750644_27863_31476__2306
non_tcontig	1	ctg7180063399372	950	97.4	NA	scaffold750644_27863_31476	2308	1160	580	258	T	694	0.5982759	C	466	0.4017241379	0.444827586	NOT_MAP	NOT_MAP	GOOD	no	57.85	1.5868	4.322	12.499	0.743	1.096263	1	scaffold750644	30170	287.506666666667	0.00807127664100806	0.171393655663484	0.74693337583114	0.0120688149801594	0.716610484761291	0.00203645643900909	0.0146841206790978	0.900272093617787	0.00889545439452816	0.234202057614896	0.0209820573951354	0.00288700978827837	0.354778064380943	0.207139992346304	0.997063746436254	0.149334440995602	0.532933682041245	0.976706920039115	0.00563344066041123	0.379973758464808	0.103319235402105	0.0170885878358198	0.477827259177265	0.553791903576181	0.366056332238595	0.834588771098773	0.894567282846071	0.752083952998659	0.736508402787607	0.899972826340742	0.992797902822381	0.998980532990729	0.979976079889719	0.933229995665419	0.781490272798422	0.705761139857975	0.513089874312471	0.680081979675266	0.779654734084721	scaffold750644_27863_31476__2308
non_tcontig	1	ctg7180063399372	937	97.4	NA	scaffold750644_27863_31476	2321	1146	573	251	C	691	0.6029668	A	455	0.3970331588	0.438045375	NOT_MAP	NOT_MAP	GOOD	no	57.33	0.7238	2.322	1.019	1	1.096342	0	scaffold750644	30183	282.02	0.0124393103447689	0.207173854762454	0.412377549833427	0.0350184186652043	0.889663628716001	0.00368335018494046	0.0109972116043167	0.890012401703711	0.0146113143756192	0.245238734239144	0.0446568459689038	0.00806356882262562	0.683057140917298	0.402047453462944	0.811673369509316	0.24956836069359	0.79631648725626	0.910048159164752	0.0102103138451863	0.746908780916302	0.264763546898986	0.0450185257717853	0.415039082819939	0.452493767210105	0.248807496880278	0.873766766917459	0.631376263546076	0.851649332614661	0.801333413670746	0.698840315421789	0.905348916446097	0.801406030658741	0.765583882646537	0.72138474399567	0.999326663136448	0.863678685556887	0.948759124313482	0.776320350147828	0.783141537249378	scaffold750644_27863_31476__2321
non_tcontig	1	ctg7180063399372	872	97.4	NA	scaffold750644_27863_31476	2386	1220	610	268	T	728	0.5967213	C	492	0.4032786885	0.439344262	NOT_MAP	NOT_MAP	GOOD	no	57.35	1.1381	1.902	-0.792	-0.672	1.152237	0	scaffold750644	30248	281.113333333333	0.00577004869504907	0.354966682671911	0.503444339493642	0.0125475475683992	0.592333346201152	0.00298402978705692	0.0294975265963774	0.712981012578457	0.00750554975233788	0.0993479116907332	0.0182898787834985	0.00404091043152351	0.295612826827753	0.20822345975043	0.978312658615333	0.106806296403	0.525603613902401	0.714067396736116	0.00779483154573717	0.366206259876188	0.0776495982439228	0.0168263855474297	0.588401362876024	0.660370124464883	0.39246384020591	0.905331387802757	0.618780377483342	0.889084765602008	0.890778650248589	0.684144712336049	0.954032553642345	0.864746432316775	0.83407558165487	0.809270854763368	0.778539401132916	0.936302671765695	0.745013442663184	0.698119362852426	0.828751524029454	scaffold750644_27863_31476__2386
non_tcontig	1	ctg7180063399372	858	97.4	NA	scaffold750644_27863_31476	2400	1204	602	262	A	720	0.5980066	G	484	0.4019933555	0.435215947	NOT_MAP	NOT_MAP	GOOD	no	58.04	2.4439	1.167	-0.318	-0.727	1.122153	0	scaffold750644	30262	282.056666666667	0.00528576162158152	0.42056594291318	0.46815109793658	0.0171938363747714	0.54582673235504	0.00402285533823515	0.0342286699865963	0.642773824252737	0.00639605882873052	0.103174146764619	0.0140280902630079	0.00585656341802063	0.299020365350604	0.245793378473282	0.957094102024635	0.136271521502008	0.554055316167931	0.631144965718306	0.0092981458152506	0.303501119747877	0.079820851904324	0.0140543454419213	0.590146708776783	0.788337193008757	0.422731546034138	0.806505425193843	0.502328989746287	0.711817143211578	0.696166977037542	0.504958694151969	0.839056071984847	0.986542660916232	0.955383689866855	0.970334130219659	0.904350543716388	0.611512728152197	0.908356740935183	0.833555688068141	0.646567872551305	scaffold750644_27863_31476__2400
non_tcontig	1	ctg7180063399372	789	97.4	NA	scaffold750644_27863_31476	2469	1214	607	543	C	1148	0.9456343	A	66	0.0543657331	0.10214168	NOT_MAP	NOT_MAP	NOT_MAP	in_covar	59.83	3.048	0	0.843	-1.845	1.341789	0	scaffold750644	30331	277.18	0.0474155244511953	0.000323335837623925	0.569855090910218	0.297897962001585	0.108374549856258	0.837752344496943	0.412464680410332	0.64728541272783	0.352877688510725	0.232859320103772	0.880041421298814	0.694559323225368	0.0973190861099978	0.270223340282736	0.0775369086134842	0.290685550717979	0.141634149708099	0.0443227864936902	0.955497427167004	0.137462551742089	0.102750780843466	0.842468515566686	0.128208448432853	0.259223263777991	0.762089216491309	0.497601153788094	0.502705362256407	0.746801421863867	0.924228440179518	0.668955314862079	0.965162976451012	0.911406624446641	0.866887177305314	0.966076236147864	0.672138144751829	0.301596786075838	0.321850269484834	0.997627907190429	0.785187921618074	scaffold750644_27863_31476__2469
non_tcontig	1	ctg7180063399372	785	97.4	NA	scaffold750644_27863_31476	2473	1206	603	263	C	725	0.6011609	T	481	0.3988391376	0.43615257	NOT_MAP	NOT_MAP	NOT_MAP	no	59.83	2.9262	0	0.996	2.247	1.23052	0	scaffold750644	30335	291.863333333333	0.00417713631706593	0.492562417950322	0.556764936804582	0.0162444768280745	0.477240232578072	0.00240613359990517	0.0206798505029974	0.703505965131993	0.010320095532789	0.154326908887942	0.0187194440605057	0.00510912007601939	0.263421866700312	0.183301247556616	0.77442556795624	0.0839688717472165	0.383220828276577	0.700959074738578	0.00715486878717813	0.298962387297808	0.102435297483292	0.0216288058325502	0.977798837399331	0.733312180266979	0.549423498810563	0.748368804282778	0.665130279050138	0.786033669800722	0.815445234150834	0.562690098588983	0.877472696254208	0.995206650256523	0.991643265974743	0.959443352731778	0.96419853455158	0.888014475251581	0.820856734031514	0.678843738072466	0.744264057984095	scaffold750644_27863_31476__2473
non_tcontig	1	ctg7180063399372	754	97.4	NA	scaffold750644_27863_31476	2504	1208	604	268	C	714	0.5910596	T	494	0.4089403974	0.443708609	NOT_MAP	NOT_MAP	GOOD	in_covar	59.49	1.5306	0.552	-9.676	1.224	1.179228	0	scaffold750644	30366	285.266666666667	0.00361403918931773	0.325429308927828	0.468281272677589	0.0128333022989989	0.650904451065871	0.00167775505764837	0.0126381745033267	0.854118164258005	0.00730187439295029	0.189391544875917	0.018032655772841	0.00316967859279221	0.361646100527651	0.223416486754578	0.93060475488952	0.0947036234728542	0.483784310437276	0.888438804729689	0.00582713500589902	0.403262086413202	0.118562843146094	0.0183418891287441	0.786704673874471	0.40853138025817	0.408306182976174	0.996343768331378	0.656689329396432	0.99061228796854	0.917043246350672	0.645162993727402	0.85554766963573	0.936248206888498	0.93899541393536	0.969655259567838	0.763147771723421	0.890661295074171	0.697042546842393	0.563414244394015	0.988253148835454	scaffold750644_27863_31476__2504
non_tcontig	1	ctg7180063399372	750	97.4	NA	scaffold750644_27863_31476	2508	1206	603	268	A	716	0.5936982	G	490	0.4063018242	0.444444444	NOT_MAP	NOT_MAP	GOOD	no	59.47	1.1753	0	-1.48	0.49	1.183249	0	scaffold750644	30370	285.913333333333	0.00606333187819465	0.281406502356323	0.497036119542346	0.0129559557112974	0.685300315533373	0.00150523549850525	0.0113995887795353	0.912523817807108	0.0115079570937034	0.22515916544196	0.0266777488282953	0.00309187353960301	0.373716692963412	0.206288852028818	0.883258618846397	0.0849891631364918	0.445057319686215	0.874845326006968	0.00556149527577857	0.491220865438727	0.143501935194256	0.0255243026559554	0.775990412129474	0.549554907406226	0.396235492364979	0.969555944960444	0.812109609124551	0.864045662614641	0.838392276467344	0.680362626510118	0.854069426621343	0.97180215647073	0.885968143628797	0.953578150177846	0.80776502374418	0.989979800151033	0.743761108754723	0.614605585503928	0.896909549034694	scaffold750644_27863_31476__2508
non_tcontig	1	ctg7180063399372	705	97.4	NA	scaffold750644_27863_31476	2553	1174	587	262	A	692	0.5894378	C	482	0.4105621806	0.446337308	NOT_MAP	NOT_MAP	GOOD	no	59.27	1.2096	2.744	-6.094	-1.365	1.111369	1	scaffold750644	30415	283.903333333333	0.00484965907500438	0.124919253988911	0.574267679584772	0.00699480110188516	0.720433702150734	0.000434726554833286	0.00310206666363748	0.928042405894865	0.00860044223717149	0.205938921850868	0.0194244699241922	0.00111136676552394	0.345999665494267	0.173817655272101	0.914688704770384	0.0840548312192418	0.481237700233047	0.970280813534259	0.00132862225874682	0.421492368177979	0.111362894585013	0.0153479618826818	0.50125535079188	0.354775955710707	0.487796762072138	0.883551421387571	0.385666234397719	0.553102633077788	0.57928958191824	0.767541225933644	0.940200460473434	0.939468849001267	0.81157528625501	0.8075926510453	0.971489097287935	0.908017871344756	0.944843754848363	0.721903408608617	0.509367383230256	scaffold750644_27863_31476__2553
non_tcontig	1	ctg7180063399372	600	97.4	NA	scaffold750644_27863_31476	2658	1108	554	242	T	654	0.5902527	C	454	0.4097472924	0.436823105	NOT_MAP	NOT_MAP	GOOD	no	55.59	0.9187	22.363	66.451	4.794	1.257007	1	scaffold750644	30520	285.563333333333	0.00449927307812367	0.45203831219458	0.372266341540473	0.0224745643068199	0.706691417460962	0.00346548044494156	0.0136239561842454	0.873870424579608	0.0537196545127341	0.255800859503551	0.0924268734194351	0.00867477448376015	0.361998210477201	0.169940428344572	0.689242027434107	0.0856754801052795	0.338177391853107	0.838103430721539	0.010138503789145	0.693924982985867	0.253775125561583	0.103825994692343	0.827191026417543	0.683217630187429	0.796027454590107	0.695709346096519	0.557013619733928	0.74361200684631	0.687226009453761	0.697674102827739	0.972120247727617	0.952873014177475	0.791023904840005	0.819685562680593	0.77432790200676	0.850335823779072	0.85581098750462	0.794997853405222	0.670010756762096	scaffold750644_27863_31476__2658
non_tcontig	1	ctg7180063399372	527	97.4	NA	scaffold750644_27863_31476	2731	1004	502	228	A	568	0.5657371	C	436	0.4342629482	0.454183267	NOT_MAP	NOT_MAP	GOOD	no	59.36	0.4524	14.722	11.172	-1.481	1.425784	0	scaffold750644	30593	286.32	0.00931926546782922	0.257556638119362	0.443372136188918	0.0411020581749109	0.965951415460541	0.00351115368477108	0.00704046030947768	0.848745375474019	0.0209289203029466	0.196114977397142	0.0595470427465798	0.0107944667841077	0.564035717881172	0.306185886658893	0.951036578796713	0.188875586805021	0.670043344043498	0.975444492007566	0.0162158759892658	0.759731063611894	0.359827137372004	0.0562286436450036	0.697971289870874	0.913071166553138	0.270191742850023	0.757137573744313	0.909646152906977	0.781022262466793	0.908885077156884	0.741399277308862	0.697216661963314	0.586152879697316	0.808113522279178	0.691851196635572	0.655738670829425	0.470753418773379	0.401025768946087	0.915959825066826	0.880243131375238	scaffold750644_27863_31476__2731
non_tcontig	1	ctg7180063399372	515	97.4	NA	scaffold750644_27863_31476	2743	982	491	234	T	544	0.5539715	A	438	0.4460285132	0.476578411	NOT_MAP	NOT_MAP	GOOD	no	59.23	0.4079	10.454	4.738	-1.405	1.461165	0	scaffold750644	30605	287.206666666667	0.00872423779793156	0.382772107194535	0.263902620871431	0.0746855380409889	0.897200868629804	0.00525917092029136	0.0075651838071091	0.876357909833986	0.0682998599783028	0.433644819616157	0.118339447592732	0.0157888795144811	0.704206865866907	0.501227097271061	0.868057800698879	0.351193712993232	0.825889175503107	0.975574521379159	0.0259603908846974	0.732755073586257	0.418997582029987	0.147119035528669	0.772827918673501	0.968084292697492	0.0795564383989682	0.698829245648659	0.741666403369665	0.938286229691245	0.953277121120757	0.693652860554684	0.627994090530456	0.709484331441628	0.663642478400108	0.63444387545851	0.903936150834828	0.565739339391616	0.624426556973929	0.991071757572193	0.97069333138954	scaffold750644_27863_31476__2743
non_tcontig	1	ctg7180063399372	497	97.4	NA	scaffold750644_27863_31476	2761	1012	506	462	C	960	0.9486166	A	52	0.0513833992	0.071146245	NOT_MAP	NOT_MAP	NOT_MAP	no	59.26	0.3574	1.163	7.228	-0.462	1.095563	1	scaffold750644	30623	280.833333333333	1.84128497317472e-06	0.00201422510427034	0.0574181164077433	0.000100484531422627	0.201115390187033	3.2472927825088e-10	6.69372933791286e-10	0.0370872794575698	1.20549295611355e-05	0.677632958002596	0.00122901768656441	1.02237394629637e-08	0.572845008051959	0.57464651298931	0.00229714313990363	0.149872971382738	0.171094949629469	4.26590857566218e-05	8.39361179427353e-11	0.117229652372016	0.0139401218245766	2.73848607285865e-05	0.000254840702914452	0.158809485093156	0.959502596914234	0.96484169049955	0.574369177016982	0.219070103238006	0.287907782141431	0.554965490290203	0.509951906251974	0.476364462634913	0.643298711681174	0.541164796559249	0.330371456605363	0.403061982274965	0.883208745049131	0.998589126950108	0.228282931646089	scaffold750644_27863_31476__2761
non_tcontig	1	ctg7180063399372	463	97.4	NA	scaffold750644_27863_31476	2795	918	459	207	C	501	0.5457516	T	417	0.454248366	0.450980392	NOT_MAP	NOT_MAP	GOOD	no	59.3	0.5367	5.029	-7.965	1.262	1.792109	0	scaffold750644	30657	288.356666666667	0.0102250126483348	0.267650043731387	0.938757003521363	0.00160031476778734	0.155472003579083	0.000257288105326251	0.00854704442116604	0.883702456281902	0.0161070124511625	0.112685267665638	0.0138648005640272	0.000604189779578139	0.0526923483148896	0.0143173120734346	0.252726073763872	0.00930414411165444	0.0801421170054081	0.728262098197841	0.000514281226918443	0.114862802278097	0.0421938507552282	0.0108264312148081	0.943752058787989	0.365797959413378	0.980180850194544	0.499966200509773	0.489508303903195	0.473196750050074	0.490032702559143	0.211698760670311	0.382160080583809	0.680264273851024	0.617279814725818	0.619255067271282	0.87790890669302	0.769936448166657	0.975388867356261	0.722756466019866	0.426134027605829	scaffold750644_27863_31476__2795
non_tcontig	1	ctg7180063399372	461	97.4	NA	scaffold750644_27863_31476	2797	916	458	210	A	498	0.5436681	G	418	0.4563318777	0.458515284	NOT_MAP	NOT_MAP	GOOD	no	59.3	0.5109	4.063	1.31	1.093	1.786677	0	scaffold750644	30659	287.376666666667	0.0116676241277317	0.488536552117399	0.662465681279205	0.0118033227315191	0.337909831903659	0.0023201636425719	0.0171604580566651	0.409616255939584	0.0134549929215729	0.0338678499585946	0.017038634073922	0.00548492992547103	0.190347574059615	0.112389502362759	0.610765723381335	0.0797385693901343	0.323829037926753	0.429413227676488	0.00750457474458091	0.160343939169678	0.06597771068598	0.0136880253001007	0.787611470627776	0.226074504024675	0.569819017486196	0.732493558625549	0.992592556107111	0.997910582664414	0.861246402801175	0.378873172427989	0.51210073988692	0.70195896472214	0.702374611876749	0.673495371253845	0.816825715458601	0.488785045985473	0.914391253984768	0.435041854982553	0.992474373322015	scaffold750644_27863_31476__2797
non_tcontig	1	ctg7180063399372	442	97.4	NA	scaffold750644_27863_31476	2816	944	472	218	A	512	0.5423729	G	432	0.4576271186	0.461864407	NOT_MAP	NOT_MAP	GOOD	no	59.32	3.9179	1.763	-0.541	-1.202	1.793558	0	scaffold750644	30678	289.903333333333	0.00819108348348986	0.313026498359683	0.807747360476057	0.00434167158635794	0.354072509695151	0.00063988159205984	0.00912118771784871	0.873880905005736	0.0197446278493643	0.116595912669542	0.0286348350868874	0.00175036358028163	0.140911258137613	0.0789815834343131	0.614427021339605	0.0718397000297244	0.293332687003683	0.713779686636673	0.00254176661081773	0.177053780118059	0.0464060502137777	0.0173809160443128	0.772362182377209	0.291046212807412	0.600585109291003	0.543138156992582	0.729664511682124	0.572629713822246	0.701519518475861	0.400346003234863	0.761585886780994	0.79870964909867	0.944460742482626	0.942850115935939	0.818637271136809	0.588970337476185	0.927980875933893	0.435461396346996	0.536856834095828	scaffold750644_27863_31476__2816
non_tcontig	1	ctg7180063399372	431	97.4	NA	scaffold750644_27863_31476	2827	780	390	176	A	404	0.5179487	G	376	0.4820512821	0.451282051	NOT_MAP	NOT_MAP	GOOD	no	59.8	3.0243	1.823	-1.694	12.606	2.195722	0	scaffold750644	30689	286.843333333333	0.00850966242081974	0.800259171334197	0.97435683423825	0.00717283653558731	0.148828096465121	0.00424018165976465	0.0572166144512866	0.837533086424033	0.162174808507862	0.263722455039444	0.112409166669946	0.00989833385385797	0.0675588801372988	0.0535017293160747	0.26777321562885	0.0398707074460707	0.131320516976415	0.451720600861787	0.00913987281108234	0.139677279743386	0.0562928911216046	0.138941684689041	0.622433554932748	0.171227938858934	0.871462945613528	0.533884546086032	0.499282758366274	0.663269414338704	0.847023071203214	0.176948911642022	0.203106763268163	0.597897601695848	0.319438119067267	0.336085630585689	0.884330373985278	0.344954378397986	0.399522748922784	0.484693997586665	0.670545169661933	scaffold750644_27863_31476__2827
non_tcontig	1	ctg7180063399372	425	97.4	NA	scaffold750644_27863_31476	2833	748	374	169	C	397	0.5307487	G	351	0.4692513369	0.451871658	NOT_MAP	NOT_MAP	NOT_MAP	no	59.84	2.982	1.169	-3.852	10.886	2.142857	0	scaffold750644	30695	282.45	0.0264594652206766	0.930006962927813	0.708852877249748	0.0276894494890048	0.250206239060616	0.0166938297707508	0.102782959083598	0.576857317101225	0.227303547121825	0.0793773124364651	0.189789942286953	0.0354341609485062	0.15380551198632	0.134904203805182	0.320287332666162	0.108389232600652	0.215269604109614	0.247030735564402	0.0395022778696115	0.244263083177855	0.0993460837609111	0.193896977354291	0.895899345908649	0.0998784386695389	0.730385859004072	0.87414067836893	0.824237147441274	0.799470299889527	0.534664438152192	0.287043729190621	0.342035000305692	0.612491823393508	0.416101770863071	0.477143533481938	0.85072850082225	0.288524884350381	0.381592500247089	0.154075877830103	0.758746627483717	scaffold750644_27863_31476__2833
non_tcontig	1	ctg7180063399372	424	97.4	NA	scaffold750644_27863_31476	2834	902	451	351	C	795	0.8813747	T	107	0.1186252772	0.206208426	NOT_MAP	NOT_MAP	NOT_MAP	no	59.83	2.9866	0.675	1.269	0.283	1.647564	0	scaffold750644	30696	283.89	0.258207274570191	0.047876629549529	0.285633420558197	0.329915455561493	0.0447559272330116	0.652639633280295	0.727370218749695	0.425736588619155	0.924280483947232	0.39127612768565	0.396706801413201	0.56016209516527	0.0487316781147397	0.184340921143696	0.030951008100126	0.433237013511515	0.14337163289412	0.042007512779244	0.990217723953059	0.100715336605307	0.136049298236229	0.556419181796646	0.00762653130356371	0.108804216050025	0.685680277657528	0.280407956104516	0.496552308889607	0.774041112640475	0.754926161549037	0.739108907729619	0.228234738506743	0.209292466785185	0.223451662757109	0.137619386867188	0.872308471388642	0.987276125522076	0.854935384254195	0.990544485451963	0.767512817088312	scaffold750644_27863_31476__2834
non_tcontig	1	ctg7180063399372	387	97.4	NA	scaffold750644_27863_31476	2871	890	445	201	A	461	0.5179775	C	429	0.4820224719	0.451685393	NOT_MAP	NOT_MAP	GOOD	no	58.68	0.9446	0	10.504	-4.898	1.79357	1	scaffold750644	30733	285.52	0.0165378286169516	0.371741880798235	0.544133356959203	0.0290535679042149	0.628727169937671	0.0104231537003631	0.0277551569058135	0.445456736321874	0.0187317022059419	0.0591792648084046	0.0366689823852498	0.01401207312164	0.366772818881091	0.307905671278441	0.882920267941802	0.223260653672238	0.566444104935728	0.530355140267314	0.0206293430575689	0.268017482613416	0.0694732351258817	0.0300464304940294	0.83551401482311	0.492078250629343	0.808494562698886	0.848718377243339	0.983080555461612	0.791296578694902	0.728102321107443	0.292470200866791	0.247608041154976	0.204107853548912	0.484437742075207	0.33911247511117	0.784960788920637	0.68460933204225	0.51407732356669	0.387956204557883	0.799124504248405	scaffold750644_27863_31476__2871
non_tcontig	1	ctg7180063399372	301	97.4	NA	scaffold750644_27863_31476	2957	866	433	369	A	800	0.9237875	T	66	0.0762124711	0.143187067	NOT_MAP	NOT_MAP	NOT_MAP	no	56.97	1.0812	0	-3.067	0.432	1.365497	1	scaffold750644	30819	279.263333333333	0.152711386026939	0.651614660472144	0.920043363480564	0.126508411005705	0.776782552944743	0.0422728508252999	0.0717197445635953	0.654229669575395	0.0494063765499085	0.271918971117517	0.0623276039323593	0.051324633532278	0.512410541924719	0.366194142647805	0.851600501462161	0.682162691212326	0.770060482729494	0.73641621210978	0.0353193707956378	0.286623825150014	0.244970761297226	0.0457601093303207	0.602692581341036	0.936298123405686	0.188737123692131	0.382859756223989	0.154694566681423	0.186133102093263	0.168244944890374	0.673930710292685	0.328221342629261	0.847419605602542	0.157968544735046	0.339428506900641	0.0392663056225818	0.371943764778589	0.0955380569225826	0.483992427100241	0.174605571325703	scaffold750644_27863_31476__2957
non_tcontig	1	ctg7180063399372	274	97.4	NA	scaffold750644_27863_31476	2984	804	402	299	G	697	0.8669154	C	107	0.1330845771	0.246268657	GOOD	NOT_MAP	GOOD	no	59.16	0.5608	0.781	5.779	1.519	1.332805	0	scaffold750644	30846	276.5	0.65316742547961	0.0904408616805367	0.163653053664483	0.236542678514781	0.0473885756141081	0.866045651500848	0.395004814157461	0.695191619462156	0.489578072205294	0.44181802163442	0.78150714548321	0.589200623605376	0.0329974853104854	0.100366360697734	0.0276591522995664	0.170736390215005	0.0693327603256247	0.0564762795495638	0.848724890769086	0.262387258259786	0.204784154176566	0.887178469253078	0.0357277557839811	0.308068331468264	0.579474536188987	0.701919093327006	0.850031745502007	0.618142886493423	0.631858708361183	0.750154206933603	0.599390671774517	0.504628182663699	0.805174523547574	0.598176964424072	0.917776467769859	0.603222871467116	0.635774506262786	0.4916325164352	0.622429758412731	scaffold750644_27863_31476__2984
non_tcontig	1	ctg7180063399372	240	97.4	NA	scaffold750644_27863_31476	3018	660	330	158	T	354	0.5363636	G	306	0.4636363636	0.478787879	GOOD	NOT_MAP	GOOD	no	59.9	0.4475	0	-1.075	-1.26	1.545918	0	scaffold750644	30880	283.58	0.672897831765712	0.010005578193594	0.479797386361222	0.501887057900103	0.0244218875339037	0.0966104592183481	0.0145351581979552	0.0170886753465974	0.999902529465855	0.0229338992762605	0.397432773294437	0.164751734653514	0.091113620033619	0.490662256389616	0.0345367404141668	0.975221851646941	0.168193550843024	0.00195081813012099	0.0652766760581167	0.198650171529832	0.438649801561784	0.843121234484115	0.285029236277428	0.176552829630864	0.389178529260392	0.876042775328175	0.693156595855243	0.61904929538937	0.822481344001086	0.346064592042899	0.321376659642261	0.20757613666723	0.443798701899107	0.283978774442699	0.0149534786495926	0.18155515252637	0.21607175363534	0.0883230824035105	0.73977448848311	scaffold750644_27863_31476__3018
non_tcontig	1	ctg7180063399372	224	97.4	NA	scaffold750644_27863_31476	3034	600	300	251	T	551	0.9183333	C	49	0.0816666667	0.163333333	NOT_MAP	NOT_MAP	NOT_MAP	no	59.5	0.2437	0	3.612	1.107	2.123404	0	scaffold750644	30896	279.78	0.445758822597287	0.00609103224359726	0.780793494397499	0.597164337166305	0.144180250261047	0.913613341751078	0.753384630867129	0.502287183956356	0.117059209025406	0.639826618336335	0.544688251758817	0.924853308842701	0.168656345012532	0.438899267086302	0.106599575993831	0.760352593470514	0.346039897688888	0.557928104944613	0.798229399021906	0.540181954432886	0.587473524463311	0.440699408420106	0.888636128746861	0.302043205783086	0.660849602129111	0.715455963696942	0.3323958815517	0.278376686935155	0.0899037058062965	0.540125848044399	0.665831592496508	0.711950868882267	0.944045452258785	0.775950009316666	0.652196567442429	0.0256215974200077	0.0498653963455778	0.0185918483300919	0.194451254583022	scaffold750644_27863_31476__3034
non_tcontig	1	ctg7180063399372	207	97.4	NA	scaffold750644_27863_31476	3051	634	317	231	C	542	0.8548896	G	92	0.1451104101	0.252365931	GOOD	NOT_MAP	GOOD	no	58.77	2.1517	0	4.672	1.178	1.436242	0	scaffold750644	30913	279.223333333333	0.69981562702706	0.173191032143198	0.113346506084102	0.896834244029036	0.216329034543469	0.4863520312747	0.389025643754113	0.958477704573719	0.298783456448028	0.907810529053088	0.842524188205308	0.65050256444172	0.202601831826079	0.40900733571886	0.0779335119652435	0.805802379647609	0.294745403801781	0.22653112996845	0.368561198873323	0.71909699333951	0.921278931205707	0.556527088440223	0.0819919781508235	0.333958802080685	0.711386930971936	0.698019209598947	0.987398488495687	0.835188081914845	0.659926725259397	0.752943140083753	0.493931990821888	0.930942886720168	0.275788136287876	0.407351446508661	0.618272360231462	0.558848504998135	0.787039917480745	0.165156270281096	0.768608882737262	scaffold750644_27863_31476__3051
non_tcontig	1	ctg7180063399372	202	97.4	NA	scaffold750644_27863_31476	3056	606	303	159	T	317	0.5231023	C	289	0.4768976898	0.524752475	NOT_MAP	NOT_MAP	GOOD	no	58.54	1.917	1.237	-8.265	-0.137	1.596	0	scaffold750644	30918	276.55	0.00130827256451763	0.348548721964969	0.665081343191351	0.0116606050632253	0.0958642345770918	0.00984612185313392	0.163453848086638	0.825626671980916	0.157916319504431	0.249962969549582	0.0658197821316012	0.00896658128365733	0.0544303700556198	0.0420039283874659	0.249255902308333	0.0217830189451301	0.0882429419797356	0.85559408826993	0.0255954882607048	0.0805346297130426	0.0266696818452296	0.0871573993492078	0.883123938781113	0.298613353418711	0.153877378442775	0.73395866785845	0.762543336618326	0.671450412578802	0.615340906131319	0.651648494042953	0.673085540226814	0.982440657759411	0.753332727853869	0.78471190404172	0.628303008915212	0.237659529023564	0.426468061109426	0.72624676938418	0.676113285366657	scaffold750644_27863_31476__3056
non_tcontig	1	ctg7180063399372	193	97.4	NA	scaffold750644_27863_31476	3065	588	294	148	C	316	0.537415	T	272	0.462585034	0.503401361	NOT_MAP	NOT_MAP	GOOD	no	58	0.4161	1.955	-6.424	1.682	1.637037	0	scaffold750644	30927	283.13	0.00782050351299711	0.609901732682853	0.71522463283424	0.00577983572381626	0.0297602243573709	0.00518133479918172	0.21123417689075	0.987062379780747	0.111803505127675	0.144424429512033	0.0241501366158174	0.00447987181015012	0.0180638608599504	0.00941777552919344	0.0684988123500326	0.00507923629748803	0.0163794447178887	0.796309297440565	0.00882163381776104	0.033128416562825	0.0120098777245585	0.0302519132179739	0.825955713759975	0.288128152692781	0.209357882219876	0.573606387131397	0.469811877058522	0.356230263842544	0.319001430410231	0.465175090707723	0.362298631604738	0.401152220548601	0.420768127612265	0.34622093871611	0.24047248999202	0.057416163567969	0.201197436534057	0.569625401466288	0.343802342649291	scaffold750644_27863_31476__3065
non_tcontig	1	ctg7180063399372	185	97.4	NA	scaffold750644_27863_31476	3073	596	298	156	T	320	0.5369128	C	276	0.4630872483	0.523489933	NOT_MAP	NOT_MAP	GOOD	no	57.64	0.3017	1.224	-4.206	1.863	1.571633	0	scaffold750644	30935	283.876666666667	0.00560350402267151	0.285843464855628	0.825311301429961	0.0174810157608078	0.0585565673032913	0.0181640169034847	0.295000188645907	0.641891685859025	0.234128144406523	0.310674940664904	0.0867373641324563	0.0202629839601301	0.0443020367626124	0.0245698127233349	0.110006943848099	0.0116566441453612	0.030643843386085	0.945740221604066	0.0228112609599392	0.114692963528995	0.0382741366478551	0.114598268045932	0.968034461604684	0.706893892874496	0.285432982799897	0.790534095573875	0.573206325169589	0.355574315324638	0.240092517352599	0.193924350087733	0.13698380298941	0.252584915048484	0.155744031235359	0.127631636295409	0.242943039488241	0.0764912727845771	0.0882475497328216	0.199503819105055	0.317129882805173	scaffold750644_27863_31476__3073
non_tcontig	1	ctg7180063399372	170	97.4	NA	scaffold750644_27863_31476	3088	554	277	142	G	302	0.5451264	T	252	0.4548736462	0.512635379	NOT_MAP	NOT_MAP	GOOD	no	57.4	0.2307	2.683	-10.161	0.294	1.582923	0	scaffold750644	30950	281.13	0.0530099691444899	0.581099685673945	0.335341556836481	0.00526641705275077	0.0195632250793047	0.0246410386337561	0.68742078392631	0.760200655373656	0.0933729077977436	0.0822884242870258	0.0169102793277476	0.0123969955186144	0.0111026627743821	0.00217159839487511	0.0133830468522782	0.00155344987752281	0.00372518342669528	0.430216414147181	0.0149811700802888	0.0476877963333364	0.0402336318937634	0.0538134975374468	0.981732825684943	0.765971597392648	0.583639045355134	0.717270227793867	0.911164395398133	0.826663318193081	0.553370290658974	0.184885976036315	0.29620814797092	0.67536806072455	0.29645972961142	0.403121432883395	0.260794064259901	0.138065724258435	0.162262606274988	0.165929137684815	0.757624912661715	scaffold750644_27863_31476__3088
non_tcontig	1	ctg7180063399372	141	97.4	NA	scaffold750644_27863_31476	3117	444	222	120	C	250	0.5630631	A	194	0.4369369369	0.540540541	NOT_MAP	NOT_MAP	NOT_MAP	no	57.07	0.2918	11.031	-11.59	-0.289	1.489712	1	scaffold750644	30979	280.143333333333	0.190447491517798	0.074614798573902	0.773131802615754	0.105074437146683	0.0334693400034949	0.427563990124506	0.395703685584796	0.422064352800132	0.531567905856193	0.771222360197463	0.691614593593146	0.331459528764442	0.0222139640612043	0.0354457221976111	0.0137580817621486	0.0549827418932874	0.017575723351998	0.390458108136448	0.482789302840267	0.24454873647325	0.108308754652068	0.977354666820486	0.481035880308956	0.447506709590281	0.0765156030346153	0.721965392367403	0.673098297396926	0.389150005452454	0.64716126313002	0.770312441121797	0.586662277227479	0.874809066181171	0.350744056374137	0.489907169339056	0.0743070334997497	0.717277419340768	0.13603578343073	0.652405937767989	0.442734810274613	scaffold750644_27863_31476__3117
non_tcontig	1	ctg7180063399372	103	97.4	NA	scaffold750644_27863_31476	3155	158	79	51	G	129	0.8164557	A	29	0.1835443038	0.341772152	NOT_MAP	NOT_MAP	NOT_MAP	no	58.85	0.4271	2.59	-1.493	-0.016	1.232759	0	scaffold750644	31017	278.066666666667	0.0528387103323044	0.169588057535237	0.751975646379923	0.000865273770579209	0.405796817548357	0.000536431398655482	0.0366897067050474	0.357350878102105	0.0429890269578494	0.510925002560467	0.103145120432261	0.000297298760274749	0.140206980576148	0.0237269994336901	0.47225408022592	0.00385004036473585	0.145030174020529	0.24187347039834	0.000277425599426641	0.261914184934985	0.107582020030058	0.0554188833518469	0.43301357529043	0.629041487275041	0.354364370975724	0.625229643531187	0.959842069241373	0.621871517824627	0.803399597560674	0.0866092047743865	0.163524768781201	0.694124309358472	0.183193016215535	0.213777163578735	0.289416629892618	0.0280889939174074	0.35536556450129	0.155442331164285	0.841781036364489	scaffold750644_27863_31476__3155
non_tcontig	1	ctg7180063399372	55	97.4	NA	scaffold750644_27863_31476	3203	472	236	137	C	237	0.5021186	A	235	0.4978813559	0.580508475	NOT_MAP	NOT_MAP	NOT_MAP	no	58.02	0.5925	5.902	-0.265	3.397	1.18543	0	scaffold750644	31065	279.793333333333	0.258461224039035	0.650977384174036	0.343593394915913	0.0626922137817412	0.0367473263359358	0.0692117230720147	0.253913424849065	0.445891734878192	0.236845700540117	0.12574565132493	0.0688412768146841	0.0833037313598693	0.0232498665121943	0.0365649279211048	0.0237526613010822	0.0734271930621498	0.032629884294483	0.036836876540969	0.114151635389484	0.08618462736359	0.101003678792534	0.142692785811659	0.790188797692455	0.632615281388541	0.174356602316244	0.371136508987269	0.403599834770969	0.308478521818519	0.281615888575756	0.190981004101725	0.0814656452770359	0.158118584362368	0.0782452593458313	0.0681428733507504	0.366554411244932	0.142576082586183	0.281742774275529	0.630020326830765	0.281502029618794	scaffold750644_27863_31476__3203
non_tcontig	1	ctg7180063399372	41	97.4	NA	scaffold750644_27863_31476	3217	410	205	180	G	383	0.9341463	A	27	0.0658536585	0.112195122	NOT_MAP	NOT_MAP	NOT_MAP	no	57	0.368	3.183	7.613	1.756	1.089888	0	scaffold750644	31079	282.043333333333	0.00371878115358275	0.000997918525701767	0.762567590774843	0.00264257072451394	0.841804192134504	2.78594405443104e-06	1.16003689191022e-06	0.0598305425268346	0.00298317471953494	0.923721668866809	0.00699872566624234	3.27821074194527e-05	0.490908806078826	0.0792398977252179	0.310341453575679	0.0377976364561606	0.713346073800049	0.00146036618936453	2.36474257208809e-07	0.0617006974872151	0.0316842541717255	0.000732948767424872	0.00385303974240803	0.224357948511534	0.538800891659786	0.326327189088943	0.0794710314779082	0.0236124806682944	0.0727202534246728	0.484170289168535	0.745217762403317	0.719076137022848	0.802472313574467	0.975748085759821	0.89431250093435	0.474441262259371	0.432586725061027	0.905367999983118	0.0263809202848516	scaffold750644_27863_31476__3217
non_tcontig	1	ctg7180063399372	18	97.4	NA	scaffold750644_27863_31476	3240	362	181	113	A	290	0.801105	T	72	0.1988950276	0.35359116	NOT_MAP	NOT_MAP	NOT_MAP	no	55.14	0.197	0.786	19.904	1.089	1.170909	0	scaffold750644	31102	279.803333333333	0.983355747645916	0.847475874152315	0.150126894705765	0.427125151321015	0.306959763362695	0.586025879753276	0.788390277487286	0.948513693591781	0.85749252720886	0.948741623634064	0.649926277266349	0.477600675190033	0.223748451684075	0.284688172052434	0.0849939752133936	0.478848985518147	0.18685873967551	0.450306305525611	0.778275179382627	0.369449279281804	0.587219198453732	0.70462698620648	0.0505011756493161	0.41029535975455	0.190377931416879	0.869226556944312	0.819753591781643	0.516062587658981	0.733145135875319	0.563016249298346	0.783737061043614	0.755226797993548	0.84629406086744	0.93805020083413	0.611753146901441	0.315012843084614	0.986855284307019	0.732407172428127	0.54105583895728	scaffold750644_27863_31476__3240
non_tcontig	NA	ctg7180063399372	NA	97.4	24	scaffold750644_27863_31476	3281	166	83	58	T	92	0.5542169	C	74	0.4457831325	0.698795181	NOT_MAP	NOT_MAP	NOT_MAP	no	50.49	1.6693	2.796	39.658	-1.582	1.122642	1	scaffold750644	31143	274.523333333333	0.836953443506284	0.289903198491372	0.238473865729138	0.718407132452187	0.771535590382648	0.698586900161625	0.806521372567957	0.792033717609018	0.893149337312047	0.977979784266769	0.737336827450808	0.6873886757614	0.935038051361223	0.900270780970106	0.852199771036353	0.900861146529279	0.796910019731027	0.842527218867354	0.623894229922534	0.874205527652628	0.816967196782173	0.853545187330465	0.00380928842654156	0.0683927281881283	0.426257148402798	0.388884591749248	0.902807808855723	0.819901311670906	0.978667632111519	0.0409361647440874	0.0814156863413987	0.0917879924540806	0.269949182007776	0.145185913261675	0.187737876572884	0.561569740684851	0.962751222512525	0.857237416111341	0.924516285335309	scaffold750644_27863_31476__3281
non_tcontig	NA	ctg7180063399372	NA	97.4	29	scaffold750644_27863_31476	3286	130	65	34	T	97	0.7461538	G	33	0.2538461538	0.446153846	NOT_MAP	NOT_MAP	NOT_MAP	no	50.51	1.5668	0	20.073	2.472	1.059406	1	scaffold750644	31148	277	0.592567229325036	0.19063113870458	0.0830076312485803	0.232430307068143	0.385309833248022	0.496590566724258	0.760721575799789	0.463708204313536	0.921408860152603	0.718253585659486	0.740509291453464	0.29320489613442	0.244704870721437	0.354031455121057	0.670133847748583	0.660860121815078	0.711743038330051	0.710766258564795	0.37427787978032	0.387152123570805	0.50492942154896	0.58816713789144	0.224674286779258	0.735546188918126	0.104119121928122	0.359676865418741	0.726863081061515	0.798876525470397	0.910505851980977	0.872576600155517	0.4891578183843	0.728607873123648	0.476108231307193	0.525833581391682	0.941382980662947	0.626112505844041	0.832963294683996	0.860313026487297	0.808577622472373	scaffold750644_27863_31476__3286
non_tcontig	1	ctg7180063399372	2460	97.4	NA	scaffold750644_27863_31476	798	140	70	35	C	85	0.6071429	T	55	0.3928571429	0.5	NOT_MAP	NOT_MAP	NOT_MAP	no	59.94	0.2158	0	-1.2	-1.669	1.283465	0	scaffold750644	28660	271.556666666667	0.521577425277343	0.878423101298961	0.840350379632292	0.727496184442966	0.524616279072163	0.856309281581162	0.881413262384168	0.904612998288205	0.633229896738321	0.81946925202909	0.468912363070369	0.761531921773199	0.655249379692023	0.35284376059596	0.338750380705324	0.302444559374065	0.295239837010253	0.703879476328232	0.700993371521829	0.37255928255465	0.123814775951943	0.996948753392319	0.507447997602029	0.247514137982509	0.474565914135102	0.411776431903693	0.822454337861414	0.504253255966759	0.515710991339779	0.613392769757259	0.956277612782082	0.974576024509929	0.812552551865391	0.932953146348807	0.741880628645796	0.719095817044482	0.415486206853516	0.97559699708036	0.492881494772236	scaffold750644_27863_31476__798
non_tcontig	1	ctg7180063399372	2443	97.4	NA	scaffold750644_27863_31476	815	160	80	38	T	109	0.68125	A	51	0.31875	0.4125	NOT_MAP	NOT_MAP	NOT_MAP	no	59.94	0.1308	0	1.308	0.567	1.007246	0	scaffold750644	28677	280.706666666667	0.310707324645758	0.479169694140734	0.271833974096953	0.334527670119788	0.107081483556225	0.943755588643953	0.12941412350587	0.153361963922605	0.506266121317523	0.0878137090137733	0.855808478694969	0.780888205579737	0.102588177923838	0.112566125426128	0.0866714882767046	0.06688179504452	0.0366186488696005	0.051174647304058	0.962915122311374	0.524281139158852	0.388717788908188	0.685510413955299	0.351191666907275	0.607483058878852	0.685539626309656	0.885880274858722	0.303047399097236	0.546197057365663	0.89243064056132	0.637683959070908	0.5355683169739	0.698709194580298	0.247345910058819	0.39550343920567	0.234370339142833	0.111176350346408	0.373124989931126	0.61655902373175	0.555846573937581	scaffold750644_27863_31476__815
non_tcontig	1	ctg7180063399372	2400	97.4	NA	scaffold750644_27863_31476	858	330	165	90	A	194	0.5878788	G	136	0.4121212121	0.545454545	NOT_MAP	NOT_MAP	NOT_MAP	no	59.92	1.5336	1.55	0.323	-1.336	1.340909	0	scaffold750644	28720	285.813333333333	0.162184811137892	0.857803737523735	0.766057757493772	0.107997728243571	0.43482112093085	0.0668610387607567	0.225252165339445	0.478908178709344	0.13751877190194	0.0453909550828069	0.0984804879398021	0.0877426082096257	0.286452640338691	0.328559570639358	0.758037799423744	0.301770992911148	0.480620935757402	0.619292233263568	0.0915949780166699	0.347552543032935	0.161145277953875	0.0570492589953739	0.734517874786767	0.7328425710208	0.435421457759227	0.903148980960446	0.635013844146638	0.831390660227475	0.652549719896049	0.968482722701722	0.754880598032081	0.799973609236942	0.850900950261895	0.92381986696695	0.247092402269395	0.127958205515749	0.112499505498433	0.453148911209931	0.761274508659578	scaffold750644_27863_31476__858
non_tcontig	1	ctg7180063399372	2391	97.4	NA	scaffold750644_27863_31476	867	394	197	101	C	281	0.713198	T	113	0.2868020305	0.401015228	NOT_MAP	NOT_MAP	NOT_MAP	no	59.88	2.2507	0	-0.726	0.375	1.186813	0	scaffold750644	28729	282.673333333333	0.821115163236312	0.168618084839958	0.964805373438604	0.530695867254881	0.225753501828154	0.881946753941584	0.5610909459511	0.242919057431096	0.86370924105835	0.145900677352261	0.668730042591299	0.739741183607052	0.296907618433256	0.627637969810132	0.425172462763057	0.799246663988138	0.50062755082336	0.181267071219773	0.916632356419488	0.259650671586095	0.213747937383096	0.7875979710447	0.658637809385541	0.818619448113567	0.45233824676577	0.71613141858919	0.459977675666096	0.491312121531173	0.608953475953569	0.567234312502948	0.841736725802813	0.940680949006986	0.857504420175311	0.840211213154005	0.198063868596809	0.683415243277885	0.0452405785759053	0.604656072239475	0.465606390072679	scaffold750644_27863_31476__867
non_tcontig	1	ctg7180063399372	2389	97.4	NA	scaffold750644_27863_31476	869	376	188	168	G	356	0.9468085	A	20	0.0531914894	0.106382979	NOT_MAP	NOT_MAP	NOT_MAP	no	59.86	0.7415	0	1.286	-1.14	1.302326	0	scaffold750644	28731	278.946666666667	0.339326050856263	0.39291435925754	0.163028865506934	0.848909423291105	0.31358987291732	0.942842630178616	0.5798222742279	0.953554363630091	0.598435207749645	0.757176616926202	0.428675763362982	0.949986473223287	0.261845463392612	0.0835502915483868	0.0621794610144004	0.0865193310964363	0.0594566966723802	0.75037262082345	0.554035160205461	0.80526778138354	0.579880990122785	0.633134556370046	0.400365526823251	0.0265389081458467	0.416174885858966	0.605030814549467	0.382917588277051	0.238979380266225	0.197992231276668	0.310874720264984	0.407172595277166	0.426133284950875	0.548809172207834	0.585180166125919	0.274697008496298	0.262992647164124	0.219897413628722	0.195613092063907	0.242727423102249	scaffold750644_27863_31476__869
non_tcontig	1	ctg7180063399372	2374	97.4	NA	scaffold750644_27863_31476	884	444	222	117	C	249	0.5608108	A	195	0.4391891892	0.527027027	NOT_MAP	NOT_MAP	NOT_MAP	no	59.76	0.2448	0	-3.454	-1.977	1.575107	0	scaffold750644	28746	279.083333333333	0.00165686594179119	0.15636129437175	0.19842256103744	0.192341821135095	0.489311747394271	0.0858361975139345	0.196144778749873	0.926529622114718	0.0791302510261844	0.34597228291768	0.0749881347571149	0.12213096248362	0.497103458090583	0.650874021249472	0.886815284969031	0.566205686621565	0.913658664846216	0.978955779697021	0.150418626630814	0.318574822788991	0.122629323625892	0.0768958737376613	0.659681760673059	0.0722099502149303	0.479307515028787	0.505590696390916	0.911113272073125	0.806254840140731	0.658623249154455	0.0912529080384924	0.187788009993648	0.623304535339824	0.222107636951737	0.277886580216799	0.359785404528656	0.3104578314943	0.115443488510572	0.668742524910794	0.717364038845184	scaffold750644_27863_31476__884
non_tcontig	1	ctg7180063399372	2369	97.4	NA	scaffold750644_27863_31476	889	480	240	126	T	264	0.55	A	216	0.45	0.525	NOT_MAP	NOT_MAP	NOT_MAP	no	59.76	1.2532	0	1.544	3.4	1.51145	0	scaffold750644	28751	283.623333333333	0.0389816123774049	0.643449495819033	0.580723871067092	0.236430598168088	0.531728603373065	0.0718103021421146	0.134770141381268	0.573542815474096	0.0914321659772717	0.120740612024887	0.0796958437930328	0.159315458786395	0.476386654312693	0.448692875372064	0.784658833705118	0.4739738731086	0.632156713244754	0.402855120718354	0.162856133155676	0.442584732529701	0.252471596073527	0.124496427350144	0.314039706389134	0.158711775943955	0.565106069497336	0.471104733838122	0.838380571105966	0.859038850182082	0.824586162553921	0.184456032607898	0.288129541978406	0.354336104559	0.329133099365771	0.32165980838268	0.252228166546206	0.199659435684897	0.0645920085653534	0.603523484736777	0.898582018120559	scaffold750644_27863_31476__889
non_tcontig	1	ctg7180063399372	2361	97.4	NA	scaffold750644_27863_31476	897	458	229	165	T	387	0.8449782	C	71	0.1550218341	0.248908297	NOT_MAP	NOT_MAP	NOT_MAP	no	59.77	1.3601	0	1.647	2.972	1.358491	0	scaffold750644	28759	278.576666666667	0.748306502332607	0.204402576032213	0.96812615398082	0.614408878764516	0.890913880113545	0.610233750893566	0.853345006252737	0.742798630800822	0.792076446686918	0.742955755033698	0.992191747477151	0.627393768108393	0.955844116624215	0.717880128023027	0.721896855504003	0.654283722799559	0.835007509893106	0.439241229210852	0.537490078240135	0.933035828272164	0.562415633380404	0.801478463883351	0.00705147541044577	0.0927594460055483	0.752072895983145	0.944780731177693	0.790547401548661	0.73970886154745	0.866462147836831	0.163223515907496	0.0833656969466451	0.129566318349049	0.164805621946509	0.0950841374242792	0.414323898664215	0.867771860923941	0.906706144742161	0.478583961622043	0.776597914412938	scaffold750644_27863_31476__897
non_tcontig	1	ctg7180063399372	2348	97.4	NA	scaffold750644_27863_31476	910	528	264	141	T	279	0.5284091	C	249	0.4715909091	0.534090909	NOT_MAP	NOT_MAP	NOT_MAP	no	59.79	0.3984	0.531	-1.387	-2.919	1.527419	0	scaffold750644	28772	278.256666666667	0.0867979457668338	0.889319932979729	0.719906977014596	0.0369366878765555	0.135880215652934	0.0321031944413851	0.138424130011987	0.919454392861468	0.112925374240798	0.199248157964964	0.0535044729221371	0.0412441164841077	0.0993640515282459	0.0624186648482673	0.211592575432407	0.0617009347042462	0.100792165802327	0.690935992099227	0.0464286169688446	0.278030711616081	0.138049820505733	0.0919445303683746	0.927053517555844	0.300262424089053	0.283961157483589	0.974170566079223	0.703418710337016	0.624065209967123	0.748128764273126	0.569581138028144	0.869769485554055	0.841382793988143	0.926417561975613	0.889579570584344	0.185473196983843	0.273979513741996	0.113862719589535	0.818505261688244	0.7147754481107	scaffold750644_27863_31476__910
non_tcontig	1	ctg7180063399372	2336	97.4	NA	scaffold750644_27863_31476	922	562	281	251	G	530	0.9430605	A	32	0.0569395018	0.099644128	NOT_MAP	NOT_MAP	NOT_MAP	no	59.79	0.6068	0	0.133	-0.474	1.171053	0	scaffold750644	28784	276.786666666667	0.000638355463109325	0.0741760223522482	0.200206920047976	0.0131396390644092	0.506370301762981	4.37499718030319e-05	1.33655082212244e-05	0.0563503936455636	0.0269665917852217	0.662948623665708	0.101329840807361	0.000386123601659968	0.854246650390298	0.720082935962326	0.0168472314309995	0.27584572008586	0.341281162609819	0.0070338371803348	3.52505584630763e-05	0.303045232295243	0.0488876717390688	0.0117851143218349	0.0131130098815173	0.118746309583574	0.396817456393698	0.426876285313145	0.888432741854039	0.885548867052035	0.782244161596853	0.458135247627197	0.954031259634502	0.856530757103734	0.965311659386966	0.795293103175172	0.96097832490566	0.357270680447683	0.134125521665987	0.983982675670897	0.8833747605718	scaffold750644_27863_31476__922
non_tcontig	1	ctg7180063399372	2335	97.4	NA	scaffold750644_27863_31476	923	552	276	246	C	522	0.9456522	A	30	0.0543478261	0.108695652	NOT_MAP	NOT_MAP	NOT_MAP	no	59.79	0.6026	0	3.738	-0.361	1.376712	0	scaffold750644	28785	279.926666666667	0.45498383528333	0.368220208652929	0.792617246081257	0.440342159345473	0.994931941118814	0.28606668193606	0.231360321034578	0.235441204053901	0.550442154072394	0.880871747082894	0.656630022750864	0.3860921018404	0.525280365374029	0.27298271258492	0.434291902526863	0.160830526030348	0.219131653838027	0.902962653566647	0.462661888622784	0.521839633785787	0.800464494200827	0.812267123952169	0.0487060872737797	0.221493640163544	0.763764811608997	0.9781306253379	0.620303920768863	0.264676777121788	0.502969307853433	0.042469736961155	0.147956051142499	0.265664601995872	0.370587569362299	0.331777830692354	0.837114819954096	0.760015656800799	0.564499470501168	0.97718428904178	0.342877701970806	scaffold750644_27863_31476__923
non_tcontig	1	ctg7180063399372	2309	97.4	NA	scaffold750644_27863_31476	949	160	80	61	C	139	0.86875	T	21	0.13125	0.2125	NOT_MAP	NOT_MAP	NOT_MAP	no	59.79	0.3151	0	-0.498	4.981	0	0	scaffold750644	28811	282.303333333333	0.00174283229027132	0.0240126519293997	0.0176475384603961	0.00938779682891957	0.207686167500244	7.12615716392886e-05	5.95926342938172e-06	0.000958972399965228	0.711637339943739	0.203605676593397	0.984703537621985	0.00036922960663572	0.499549034541405	0.549308371360999	0.00777627776450041	0.0687542308996083	0.348049959387813	0.000519106912897541	2.18212099040756e-05	0.862556493463464	0.334151561361825	0.372815886722204	0.0176873663983855	0.784720178348657	0.835535037362792	0.43921862779858	0.958846222985263	0.958782140311217	0.975523424511988	0.344417514489743	0.605899469676843	0.778078081827473	0.682341385468122	0.92892874923081	0.717652805886216	0.177906847554633	0.503905570513584	0.795670404515308	0.888754174859406	scaffold750644_27863_31476__949
non_tcontig	1	ctg7180063399372	2266	97.4	NA	scaffold750644_27863_31476	992	526	263	155	C	404	0.7680608	T	122	0.2319391635	0.357414449	NOT_MAP	NOT_MAP	NOT_MAP	no	59.91	0.7893	3.111	-0.463	2.43	1.113537	0	scaffold750644	28854	282.34	0.285809149654453	0.317079661696898	0.980137210506022	0.55773271627097	0.455187692547929	0.211867742582662	0.101501163508938	0.0488151668890938	0.893125627893	0.052892829471212	0.957817148491869	0.363063347097565	0.745465418472888	0.712374084088256	0.641639088372822	0.614942468215743	0.854209780717497	0.0537265677513822	0.155152666945347	0.746773705123537	0.595566628528677	0.994671319135827	0.348376262927637	0.942653951973859	0.366693491738408	0.63670639501934	0.375019869687598	0.850250105326756	0.858746645093921	0.198002120789286	0.0895266283432642	0.117149769486241	0.311193278050652	0.175583360978556	0.0542660074677253	0.0981099909542731	0.203439502831919	0.157164573132488	0.885189343643944	scaffold750644_27863_31476__992
