X.annotation	paralogy_rank	tcontig	pos_tcontig	gmap_percentID	offtarget_dist	gcontig	pos_gcontig	num_alleles	num_ind	num_comm_gtype	major_allele	major_num	major_freq	minor_allele	minor_num	minor_freq	freq_hetzyg	MAP_dir1	MAP_dir2	MAP_MgGm	noncode_in_covar	MQ	haplotype_score	FS	MQRankSum	ReadPosRankSum	allele_balance	window_stat	scaffold	scaf_pos	xtx	LAT	LONG	ELEVATION	MAT	MWMT	MCMT	TD	MAP	MSP	AHM	SHM	DD_0	DD5	NFFD	bFFP	eFFP	FFP	PAS	EMT	EXT	Eref	CMD	Budset_p	Budbreak_p	Height_season_1_p	Height_season_2_p	Diameter_p	Shoot_weight_p	Root_weight_p	Max_growth_rate_p	Linear_growth_days_p	X5_growth_complete_days_p	X95_growth_complete_days_p	X5_95_growth_days_p	Fall_cold_injury_p	Winter_cold_injury_p	Spring_cold_injury_p	root_wt_shoot_wt_p	root_wt_shoot_wt_p_1	DD_0_ep
3primeFLANK	NA	comp1438_c0_seq1	NA	97.5	5778	tscaffold2670_552417_570968	6959	346	173	85	G	253	0.7312139	C	93	0.2687861272	0.479768786	GOOD	NOT_MAP	GOOD	no	59.75	0.1823	0.62	-3.537	-0.669	1.046448	0	tscaffold2670	559375	280.926666666667	2.84884333333333	0.55058	2.19204666666667	0.55757	0.552643333333333	1.71896	1.86907333333333	0.25635	0.32589	0.267526666666667	1.04280666666667	0.65956	0.341906666666667	0.24553	0.34044	0.188173333333333	0.22692	0.266596666666667	0.503663333333333	4.08376333333333	0.78396	1.26961	0.787403	0.842271	0.451569	0.168932	0.767345	0.579695	0.665438	0.0379374	0.116201	0.42542	0.41853	0.278874	0.945828	0.308915	0.406584	0.908337	0.585704	0.0502981873756553
3primeFLANK	NA	comp1438_c0_seq1	NA	97.5	5704	tscaffold2670_552417_570968	7033	168	84	43	A	127	0.7559524	G	41	0.244047619	0.488095238	GOOD	NOT_MAP	GOOD	no	59.83	0.1914	0.661	-1.32	-2.291	1.033708	0	tscaffold2670	559449	278.836666666667	0.181036666666667	0.889686666666667	0.183673333333333	0.19953	0.1321	0.20271	0.190326666666667	0.287416666666667	0.20224	0.14413	0.26905	0.180926666666667	0.161253333333333	0.192246666666667	0.13268	0.212006666666667	0.152206666666667	0.127033333333333	0.263733333333333	0.141775333333333	0.156893333333333	0.168183333333333	0.978524	0.16771	0.577009	0.286166	0.280656	0.363272	0.273554	0.17893	0.358412	0.534424	0.52118	0.607309	0.720453	0.421851	0.0149393	0.37306	0.317453	0.413099622000241
3primeFLANK	NA	comp1438_c0_seq1	NA	97.5	5668	tscaffold2670_552417_570968	7069	132	66	49	A	115	0.8712121	C	17	0.1287878788	0.257575758	NOT_MAP	NOT_MAP	NOT_MAP	no	60.11	0.1262	1.589	-0.955	-0.378	1.208955	0	tscaffold2670	559485	276.823333333333	0.414496666666667	0.38829	0.276803333333333	0.215436666666667	0.36752	0.22041	0.482303333333333	0.26124	0.298053333333333	0.213936666666667	0.608976666666667	0.186966666666667	0.400433333333333	0.17798	0.153703333333333	0.190953333333333	0.16293	0.17409	0.19107	1.31533	0.429813333333333	0.385416666666667	0.582288	0.174404	0.466207	0.574361	0.552201	0.637887	0.706877	0.570501	0.660932	0.81947	0.383922	0.811166	0.175076	0.908813	0.592259	0.934134	0.672658	0.385856302540488
3primeFLANK	NA	comp1438_c0_seq1	NA	97.5	5266	tscaffold2670_552417_570968	7471	136	68	34	T	96	0.7058824	C	40	0.2941176471	0.5	NOT_MAP	NOT_MAP	NOT_MAP	no	59.92	0.1633	0.615	0.982	-1.625	1.027586	0	tscaffold2670	559887	274.383333333333	0.329076666666667	0.180646666666667	0.164593333333333	0.283343333333333	0.144586666666667	0.368123333333333	0.168633333333333	0.198616666666667	0.153576666666667	0.147013333333333	0.278156666666667	0.317036666666667	0.149703333333333	0.180343333333333	0.110016666666667	0.189886666666667	0.129246666666667	0.248097666666667	1.12293666666667	0.197946666666667	0.190243333333333	0.19478	0.838809	0.787603	0.190712	0.288751	0.128559	0.165377	0.450884	0.304444	0.490155	0.668292	0.459316	0.735968	0.26322	0.148621	0.155504	0.226765	0.229341	0.142245089959786
3primeFLANK	NA	comp1438_c0_seq1	NA	97.5	5261	tscaffold2670_552417_570968	7476	132	66	34	A	94	0.7121212	G	38	0.2878787879	0.515151515	NOT_MAP	NOT_MAP	NOT_MAP	no	59.92	0.1699	2.886	1.127	-1.299	1.021127	0	tscaffold2670	559892	275.073333333333	0.224466666666667	0.342176666666667	0.394136666666667	0.138973333333333	0.181223333333333	0.13356	0.13152	0.144086666666667	0.141286666666667	0.193636666666667	0.245866666666667	0.128163333333333	0.180936666666667	0.180483333333333	0.151103333333333	0.191996333333333	0.16305	0.301123	0.206194333333333	0.2778	0.16958	0.169216666666667	0.522266	0.564319	0.692877	0.829366	0.624501	0.766489	0.980388	0.709935	0.506376	0.742811	0.245103	0.484147	0.453693	0.563053	0.35287	0.453006	0.841537	0.768411401860344
3primeFLANK	NA	comp1438_c0_seq1	NA	97.5	5132	tscaffold2670_552417_570968	7605	164	82	48	T	127	0.7743902	C	37	0.2256097561	0.37804878	GOOD	NOT_MAP	GOOD	no	59.49	0.165	2.527	-0.893	-0.065	1.110169	0	tscaffold2670	560021	274.803333333333	0.164253333333333	0.291363333333333	0.134786666666667	0.156757	0.108784	0.162824	0.141076333333333	0.108593333333333	0.123783333333333	0.103753666666667	0.201676666666667	0.193553333333333	0.119733333333333	0.13243	0.123286666666667	0.125683333333333	0.122386666666667	0.0982333333333333	0.180953	0.124571333333333	0.156786666666667	0.129651333333333	0.303375	0.53446	0.495177	0.579609	0.248382	0.683423	0.678719	0.697449	0.859187	0.847299	0.918474	0.983486	0.0700363	0.729047	0.954419	0.79522	0.671236	0.359068996745957
3primeUTR	1	comp1438_c0_seq1	41	99.2	NA	tscaffold2670_552417_570968	12770	306	153	135	T	288	0.9411765	C	18	0.0588235294	0.117647059	NOT_MAP	NOT_MAP	NOT_MAP	no	56.53	0.4494	0	5.424	0.389	1.206349	0	tscaffold2670	565186	286.783333333333	0.29127	0.20341	0.28778	0.456806666666667	0.317496666666667	0.347833333333333	0.222566666666667	0.218913333333333	0.176756666666667	0.167653333333333	0.439313333333333	0.410903333333333	0.248663333333333	0.249326666666667	0.146333333333333	0.200696666666667	0.161613333333333	0.157293333333333	0.33502	0.228713333333333	0.250513333333333	0.213026666666667	0.951387	0.764602	0.314328	0.609679	0.649855	0.803145	0.836994	0.293408	0.562287	0.543295	0.666799	0.827662	0.362505	0.901268	0.227778	0.942803	0.797038	0.0949079939475276
3primeUTR	1	comp1438_c0_seq1	81	99.2	NA	tscaffold2670_552417_570968	12810	496	248	210	G	455	0.9173387	A	41	0.0826612903	0.141129032	NOT_MAP	NOT_MAP	NOT_MAP	no	56.57	0.6682	0	-7.64	0.124	1.12987	0	tscaffold2670	565226	280.796666666667	0.173776666666667	0.597023333333333	0.18033	0.116991333333333	0.130730333333333	0.132146666666667	0.133933333333333	0.243473333333333	0.114353333333333	0.598065333333333	0.20052	0.117933333333333	0.13143	0.124206666666667	0.145266666666667	0.119696666666667	0.126483333333333	0.217623333333333	0.125066666666667	0.165664	0.175073333333333	0.137306666666667	0.739506	0.150559	0.525998	0.663058	0.577781	0.96125	0.811993	0.683546	0.75402	0.908709	0.65078	0.85753	0.776542	0.0572772	0.702664	0.651653	0.913739	0.831217792286375
3primeUTR	1	comp1438_c0_seq1	85	99.2	NA	tscaffold2670_552417_570968	12814	510	255	120	T	358	0.7019608	G	152	0.2980392157	0.462745098	NOT_MAP	NOT_MAP	NOT_MAP	no	56.63	0.6466	0	6.64	-1.529	1.011706	1	tscaffold2670	565230	279.356666666667	0.189943333333333	8.1667	0.157496666666667	0.543983333333333	0.1515	0.87954	0.932063333333333	0.334983333333333	0.276568666666667	0.64552	0.23592	0.652162	0.164046666666667	0.14638	0.140503333333333	0.144743333333333	0.13375	0.537656666666667	0.34949	0.145733333333333	0.224516666666667	0.316371666666667	0.874098	0.929349	0.190156	0.197596	0.394046	0.266535	0.244863	0.105382	0.240662	0.787043	0.371397	0.523385	0.759387	0.10948	0.666754	0.62319	0.254161	0.0510175779079963
3primeUTR	1	comp1438_c0_seq1	106	99.2	NA	tscaffold2670_552417_570968	12835	744	372	308	G	678	0.9112903	A	66	0.0887096774	0.166666667	NOT_MAP	NOT_MAP	NOT_MAP	no	57.4	0.1643	0	-3.998	1.653	1.014749	1	tscaffold2670	565251	278.8	0.713996666666667	113.088116666667	0.162353333333333	0.308953333333333	0.170166666666667	0.1892	0.15581	0.131996666666667	0.109153333333333	0.201623333333333	0.408776666666667	0.25444	0.24711	0.335233333333333	0.40187	0.269966666666667	0.402723333333333	0.298981333333333	0.164906666666667	0.205486666666667	0.26327	0.204278	0.688882	0.751061	0.415887	0.764293	0.530161	0.988471	0.766479	0.0931027	0.0678819	0.199586	0.110292	0.0958068	0.632511	0.638111	0.496101	0.38525	0.915392	0.209287091975678
synonymous	1	comp1438_c0_seq1	642	99.2	NA	tscaffold2670_552417_570968	13370	1228	614	489	A	1102	0.8973941	G	126	0.1026058632	0.201954397	NOT_MAP	NOT_MAP	NOT_MAP	no	52.4	4.9631	0.916	29.82	2.04	1.461051	9	tscaffold2670	565786	265.086666666667	0.19284	2.71514333333333	0.159286666666667	0.18921	0.134486666666667	0.26752	0.33687	0.108777666666667	0.168	0.117113333333333	0.258983333333333	0.269326666666667	0.15164	0.152303333333333	0.123476666666667	0.163886666666667	0.123383333333333	0.143966666666667	0.356693333333333	0.136336666666667	0.264406666666667	0.19956	0.567163	0.68353	0.796155	0.41197	0.237937	0.396893	0.5139	0.0698581	0.122619	0.553753	0.212479	0.261017	0.576957	0.265004	0.606139	0.906806	0.41062	0.188610609091977
nonsyn_G_to_A	1	comp1438_c0_seq1	790	99.2	NA	tscaffold2670_552417_570968	13518	1230	615	350	C	926	0.7528455	G	304	0.2471544715	0.367479675	GOOD	NOT_MAP	GOOD	no	56.75	1.6314	0	24.379	-0.168	1.074104	0	tscaffold2670	565934	276.183333333333	0.792136666666667	1.89241333333333	0.286736666666667	8.61404666666667	0.203416333333333	13.3099566666667	1.7334	0.4856	0.113146666666667	0.126218	0.17047	11.4732666666667	0.578647666666667	3.29787333333333	0.324426666666667	1.77524	0.568160333333333	0.17409	53.4404666666667	0.204836666666667	0.47731	0.16417	0.807215	0.346337	0.169175	0.232561	0.266454	0.308431	0.318389	0.122292	0.232781	0.455362	0.404068	0.447073	0.795682	0.474668	0.945496	0.803271	0.311485	0.00319169599515291
synonymous	1	comp1438_c0_seq1	990	99.2	NA	tscaffold2670_552417_570968	13718	1048	524	468	G	991	0.9456107	A	57	0.054389313	0.104961832	NOT_MAP	NOT_MAP	NOT_MAP	no	59.98	1.6664	0	-0.589	-0.159	1.087654	0	tscaffold2670	566134	278.44	1.18614	0.30463	0.24129	0.86028	0.16845	3.34918	3.54721666666667	0.16873	0.18367	0.115683666666667	0.334013333333333	1.62805	0.494996666666667	1.79009333333333	0.384003333333333	0.971866666666667	0.87327	0.126873666666667	1.22873666666667	0.132642666666667	0.20241	0.16433	0.634163	0.556711	0.293169	0.348866	0.512044	0.644599	0.419205	0.705841	0.26704	0.239771	0.484777	0.173475	0.769183	0.360146	0.407674	0.362927	0.585476	0.0182517371283049
synonymous	1	comp1438_c0_seq1	1080	99.2	NA	tscaffold2670_552417_570968	13808	1104	552	296	C	804	0.7282609	T	300	0.2717391304	0.384057971	GOOD	NOT_MAP	GOOD	no	59.97	0.9772	0	0.748	-0.547	1.016007	0	tscaffold2670	566224	283.436666666667	1.27317666666667	1.4118	0.155056666666667	744.413973333333	0.181002666666667	2276.39872666667	67.0084333333333	0.239226666666667	2.00861533333333	0.166923333333333	1.25050333333333	7388.09732666667	0.211086666666667	0.67111	0.15886	0.440843333333333	0.19701	0.26754	51.4356633333333	0.236203333333333	0.44385	2.24057666666667	0.9356	0.20717	0.0679147	0.125283	0.135985	0.143486	0.147442	0.0614766	0.148601	0.377233	0.340212	0.350244	0.77506	0.452595	0.912788	0.659856	0.142507	0.000127891650193956
synonymous	1	comp1438_c0_seq1	1575	99.2	NA	tscaffold2670_552417_570968	14303	980	490	240	G	560	0.5714286	A	420	0.4285714286	0.489795918	NOT_MAP	NOT_MAP	NOT_MAP	no	59.98	0.8046	0	-0.4	2.442	1.076079	0	tscaffold2670	566719	290.08	1.49286	1.47306	0.17459	2.38955666666667	0.13663	22.3784566666667	3.70447666666667	0.270123333333333	0.19571	0.15076	0.215506666666667	27.3272333333333	0.15955	0.20723	0.116743	0.192316666666667	0.133366666666667	0.292528666666667	0.994863333333333	0.254313333333333	0.46953	0.288533333333333	0.311447	0.706005	0.204981	0.365896	0.746414	0.685236	0.73483	0.628594	0.976843	0.565739	0.728621	0.818985	0.543735	0.939283	0.423968	0.893327	0.673431	0.00170095894757961
synonymous	1	comp1438_c0_seq1	1641	99.2	NA	tscaffold2670_552417_570968	14369	1196	598	523	T	1119	0.9356187	C	77	0.0643812709	0.122073579	NOT_MAP	NOT_MAP	NOT_MAP	no	59.98	0.811	0	0.46	-0.509	1.043829	0	tscaffold2670	566785	276.676666666667	0.26342	0.274533333333333	0.197483333333333	1.08633	0.219523333333333	0.397816666666667	0.388746666666667	0.330433333333333	0.206683333333333	0.430223333333333	0.32101	0.904266666666667	0.316266666666667	0.205423333333333	0.243663333333333	0.15841	0.19016	0.198505666666667	0.325926666666667	0.3531	0.64294	0.312036666666667	0.361427	0.70267	0.318233	0.205358	0.274178	0.131203	0.393521	0.174268	0.35486	0.580034	0.370345	0.620782	0.96636	0.104123	0.353365	0.293186	0.171957	0.0343988572881055
synonymous	1	comp1438_c0_seq1	1725	99.2	NA	tscaffold2670_552417_570968	14453	872	436	222	G	615	0.7052752	A	257	0.2947247706	0.392201835	GOOD	NOT_MAP	GOOD	no	59.97	0.8795	0.604	0.288	-0.604	1.143965	1	tscaffold2670	566869	285.233333333333	0.435866666666667	3.18025666666667	0.19906	0.244706666666667	0.120033333333333	0.411996666666667	0.34579	0.205266666666667	0.191286666666667	0.1196	0.224253333333333	0.414926666666667	0.139966666666667	0.22496	0.16793	0.2037	0.191853333333333	0.147605666666667	0.41452	0.16826	0.20618	0.15384	0.932978	0.725203	0.131169	0.116947	0.311977	0.349002	0.433464	0.268746	0.763271	0.959191	0.77847	0.799483	0.832039	0.444239	0.687364	0.813411	0.387809	0.0935815177381722
synonymous	1	comp1438_c0_seq1	1821	99.2	NA	tscaffold2670_552417_570968	14549	1198	599	541	T	1137	0.9490818	C	61	0.050918197	0.091819699	NOT_MAP	NOT_MAP	NOT_MAP	no	59.98	1.026	0	0.118	0.235	1.084677	0	tscaffold2670	566965	287.026666666667	0.17808	1.9945	0.340036666666667	0.3418	0.109412333333333	0.192675666666667	0.136871	0.290796666666667	0.121296	0.384613333333333	0.206546666666667	0.351564333333333	0.14833	0.18595	0.125013333333333	0.269703333333333	0.16036	0.173166666666667	0.226366666666667	0.12333	0.172616666666667	0.19646	0.111201	0.431504	0.144286	0.427363	0.293998	0.371845	0.232978	0.298743	0.243247	0.462376	0.48264	0.308428	0.38279	0.896519	0.257415	0.24915	0.336308	0.120417182562933
synonymous	1	comp1438_c0_seq1	1875	99.2	NA	tscaffold2670_552417_570968	14603	1208	604	342	G	905	0.7491722	A	303	0.2508278146	0.36589404	GOOD	NOT_MAP	GOOD	no	59.98	0.8091	0	-1.457	0.568	1.013552	0	tscaffold2670	567019	280.41	0.264	4.34508	0.14788	0.728266666666667	0.102493666666667	1.07603	0.740153333333333	0.235346666666667	0.132845333333333	0.112936666666667	0.189813333333333	1.81766666666667	0.13421	0.232413333333333	0.10777	0.280986666666667	0.138129	0.215033333333333	1.06492333333333	0.13313	0.172886666666667	0.146606666666667	0.904686	0.440688	0.178765	0.260322	0.294207	0.311475	0.331781	0.107651	0.186849	0.437021	0.34731	0.370276	0.795682	0.543507	0.970933	0.843602	0.317176	0.0163381583122778
synonymous	1	comp1438_c0_seq1	2007	99.2	NA	tscaffold2670_552417_570968	14735	1218	609	536	C	1141	0.9367816	A	77	0.0632183908	0.113300493	NOT_MAP	NOT_MAP	NOT_MAP	no	59.98	2.7907	0	-0.016	-1.771	1.078563	0	tscaffold2670	567151	274.006666666667	0.403806666666667	1.63514666666667	0.32875	0.16634	0.155996666666667	0.145586666666667	0.142783333333333	0.131402666666667	0.109295333333333	0.113509666666667	0.23613	0.145806666666667	0.193416666666667	0.288736666666667	0.176400333333333	0.430276666666667	0.263448666666667	0.130768666666667	0.1729	0.128915666666667	0.175736666666667	0.11567	0.899892	0.0593766	0.688841	0.349761	0.40711	0.178243	0.232994	0.288518	0.491793	0.543842	0.564834	0.759665	0.692428	0.575459	0.0405949	0.846259	0.183323	0.633484112260093
nonsyn_T_to_S	1	comp1438_c0_seq1	2015	99.2	NA	tscaffold2670_552417_570968	14743	1218	609	341	T	909	0.7463054	A	309	0.2536945813	0.3727422	GOOD	NOT_MAP	GOOD	no	59.98	2.2622	0	0.076	0.558	1.043065	0	tscaffold2670	567159	277.026666666667	0.22615	4.01133333333333	0.172146666666667	0.343896666666667	0.166873333333333	0.429173333333333	0.383158666666667	0.21861	0.169563333333333	0.141706666666667	0.213623333333333	0.519866666666667	0.212986666666667	0.239546666666667	0.14275	0.305193333333333	0.187413333333333	0.129913333333333	0.568036666666667	0.424876666666667	0.3286	0.216510666666667	0.99454	0.289305	0.156853	0.21239	0.298301	0.333967	0.348112	0.074632	0.138642	0.332093	0.311689	0.301277	0.805303	0.516238	0.947959	0.827639	0.33847	0.0683636822883653
synonymous	1	comp1438_c0_seq1	2037	99.2	NA	tscaffold2670_552417_570968	14765	1220	610	344	G	913	0.7483607	A	307	0.2516393443	0.368852459	GOOD	NOT_MAP	GOOD	no	59.98	0.763	0	1.233	-0.591	1.067949	0	tscaffold2670	567181	282.583333333333	0.18774	3.94206666666667	0.215523333333333	2.35596	0.15647	1.48083	0.578736666666667	0.271623333333333	0.106868333333333	0.099286	0.154246666666667	2.35577333333333	0.309826666666667	0.356783333333333	0.131716666666667	0.291503333333333	0.184106666666667	0.179623333333333	1.04698333333333	0.194736666666667	0.55351	0.132336666666667	0.972759	0.26955	0.142017	0.157966	0.254601	0.253905	0.271366	0.0522566	0.121725	0.302873	0.331823	0.29932	0.831466	0.413928	0.929047	0.807924	0.257573	0.0125901336387812
synonymous	1	comp1438_c0_seq1	2160	99.2	NA	tscaffold2670_552417_570968	14888	1236	618	349	A	924	0.7475728	G	312	0.2524271845	0.365695793	GOOD	NOT_MAP	GOOD	no	59.98	1.0521	0.61	0.4	-1.866	1.090551	0	tscaffold2670	567304	281.733333333333	0.225763333333333	4.11483333333333	0.15032	0.60638	0.13623	0.7455	0.860526666666667	0.35955	0.147723333333333	0.165803	0.198126666666667	1.15350666666667	0.156223333333333	0.157073333333333	0.119849	0.176213333333333	0.12184	0.296	0.487866666666667	0.163613333333333	0.221716666666667	0.16024	0.980817	0.422713	0.134076	0.212057	0.315485	0.30687	0.314251	0.0941445	0.178014	0.451607	0.322151	0.36827	0.753653	0.541753	0.944785	0.786227	0.309973	0.0262377713601037
synonymous	1	comp1438_c0_seq1	2607	99.2	NA	tscaffold2670_552417_570968	15335	1102	551	449	T	994	0.9019964	C	108	0.0980036298	0.174228675	GOOD	NOT_MAP	GOOD	no	59.98	0.8487	0.799	-0.472	3.822	1.010671	0	tscaffold2670	567751	278.3	0.171573333333333	11.9852333333333	0.168543333333333	0.16181	0.128506666666667	0.25917	0.391823333333333	0.673563333333333	0.103131666666667	0.203163333333333	0.18546	0.276283333333333	0.127556666666667	0.157373333333333	0.111123333333333	0.211766666666667	0.137386666666667	0.412286666666667	0.27531	0.177513333333333	0.153146666666667	0.12269	0.689011	0.56236	0.30591	0.82921	0.333323	0.690647	0.729592	0.10776	0.0725467	0.423292	0.0810303	0.114727	0.77116	0.25767	0.300382	0.869392	0.69014	0.180232507020053
synonymous	1	comp1438_c0_seq1	2628	99.2	NA	tscaffold2670_552417_570968	15356	1188	594	345	A	904	0.7609428	G	284	0.2390572391	0.36026936	GOOD	NOT_MAP	GOOD	no	59.98	0.7091	2.193	-1.023	-1.59	1.099404	0	tscaffold2670	567772	277.46	0.353793333333333	1.01806	0.127176666666667	0.44018	0.103359333333333	1.70191	1.63208333333333	0.320746666666667	0.102641	0.107758333333333	0.150506666666667	1.63757333333333	0.11583	0.14802	0.106201333333333	0.16454	0.112246666666667	0.1733	0.960216666666667	0.135083	0.191476666666667	0.124686666666667	0.840014	0.304999	0.11115	0.148918	0.19497	0.23324	0.213179	0.0405849	0.0807484	0.313392	0.227452	0.210578	0.656226	0.264282	0.735467	0.59131	0.223591	0.0181306397220275
synonymous	1	comp1438_c0_seq1	2667	99.2	NA	tscaffold2670_552417_570968	15395	1046	523	279	G	759	0.7256214	A	287	0.2743785851	0.384321224	GOOD	NOT_MAP	GOOD	no	59.98	0.5992	1.377	1.335	-0.584	1.230129	0	tscaffold2670	567811	281.943333333333	0.3756	0.731913333333333	0.222373333333333	0.812576666666667	0.133636666666667	3.74190666666667	15.22245	0.332213333333333	0.115405333333333	0.132716666666667	0.191826666666667	2.1039	0.202513333333333	0.255386666666667	0.15063	0.269586666666667	0.197473333333333	0.144333333333333	0.819866666666667	0.203613333333333	0.644213333333333	0.182853333333333	0.985149	0.357078	0.137224	0.217226	0.325692	0.303218	0.291649	0.123686	0.232393	0.514877	0.379654	0.443236	0.596947	0.50755	0.894457	0.72672	0.304483	0.0140353092859729
synonymous	1	comp1438_c0_seq1	2694	99.2	NA	tscaffold2670_552417_570968	15422	1174	587	331	A	877	0.7470187	G	297	0.2529812606	0.366269165	GOOD	NOT_MAP	GOOD	no	59.98	0.6436	0.631	-2.234	1.017	1.218444	0	tscaffold2670	567838	284.56	0.605826666666667	0.844666666666667	0.127836666666667	3.74036666666667	0.142623333333333	3.2336	1.65253	2.42667666666667	0.124863333333333	0.176525666666667	0.183463333333333	3.90033333333333	0.404893333333333	1.40593	0.168393333333333	0.63861	0.308093333333333	6.47247666666667	5.60490333333333	0.217266666666667	0.433463333333333	0.141550333333333	0.860939	0.340885	0.1135	0.18596	0.302417	0.271832	0.324198	0.0934868	0.190437	0.391084	0.42651	0.395703	0.907833	0.767075	0.97976	0.972677	0.288475	0.00789571075384934
5primeUTR	1	comp1438_c0_seq1	2787	99.2	NA	tscaffold2670_552417_570968	15515	1142	571	518	G	1084	0.9492119	T	58	0.0507880911	0.084063047	NOT_MAP	NOT_MAP	NOT_MAP	no	59.97	0.5057	0	0.833	-0.867	1.020225	0	tscaffold2670	567931	271.273333333333	0.134183333333333	1.13277	0.13228	0.13378	0.106161333333333	0.12355	0.120436666666667	0.161593333333333	0.273996666666667	0.0893733333333333	0.235073333333333	0.12055	0.127157333333333	0.142216666666667	0.122296666666667	0.135413333333333	0.124506666666667	0.112728333333333	0.18176	0.155453333333333	0.172663333333333	0.167376666666667	0.898091	0.920847	0.411372	0.678571	0.386771	0.656959	0.843407	0.655967	0.446951	0.296337	0.548812	0.39604	0.653651	0.245092	0.621136	0.549799	0.69695	0.817461047000981
5primeUTR	1	comp1438_c0_seq1	2853	99.2	NA	tscaffold2670_552417_570968	15581	1130	565	491	A	1054	0.9327434	G	76	0.0672566372	0.127433628	NOT_MAP	NOT_MAP	NOT_MAP	no	59.98	0.7254	0	0.206	0.228	1.002963	0	tscaffold2670	567997	273.193333333333	0.183703333333333	1.28126666666667	0.131713333333333	0.156173333333333	0.137476666666667	0.144224	0.133243333333333	0.15785	0.142006666666667	0.145901	0.205186666666667	0.147762666666667	0.137256666666667	0.158301	0.11458	0.123039333333333	0.118669	0.109678333333333	0.52293	0.144000333333333	0.14769	0.127893333333333	0.948657	0.94729	0.719378	0.812081	0.63622	0.836455	0.633969	0.0315003	0.0189854	0.159702	0.0314239	0.0338392	0.9248	0.583087	0.563642	0.372409	0.760522	0.618536775643675
intron	1	comp1438_c0_seq1	intron	99.2	NA	tscaffold2670_552417_570968	15853	946	473	423	G	892	0.9429175	A	54	0.0570824524	0.097251586	NOT_MAP	NOT_MAP	NOT_MAP	no	60.02	0.3426	0	2.117	-0.615	1.062696	0	tscaffold2670	568269	278.73	0.300973333333333	7.1531	0.184733333333333	0.177709333333333	0.115277	0.156113333333333	0.142601	0.147016666666667	0.196009666666667	0.1547	0.245886666666667	0.189948333333333	0.134636666666667	0.133723333333333	0.108593333333333	0.127633333333333	0.119273333333333	0.159553333333333	0.12757	0.128670333333333	0.252743333333333	0.153556666666667	0.877338	0.574361	0.431217	0.684023	0.267449	0.669022	0.803773	0.469192	0.250678	0.234984	0.304171	0.220503	0.305559	0.450038	0.737525	0.65584	0.695263	0.373414842945057
intron	1	comp1438_c0_seq1	intron	99.2	NA	tscaffold2670_552417_570968	15869	988	494	292	T	759	0.7682186	G	229	0.2317813765	0.354251012	GOOD	NOT_MAP	GOOD	no	60.03	1.0347	0.737	1.748	-0.928	1.152659	0	tscaffold2670	568285	278.376666666667	0.211333333333333	1.79905333333333	0.144286666666667	1.02602666666667	0.115953333333333	0.98517	0.393216666666667	0.26196	0.133066666666667	0.140278666666667	0.19036	1.78323666666667	0.152246666666667	0.20635	0.130776666666667	0.197916666666667	0.151696666666667	0.205576666666667	0.752213333333333	0.12752	0.18829	0.23378	0.656859	0.19379	0.241041	0.514388	0.662554	0.651219	0.59404	0.207383	0.208735	0.587627	0.201375	0.309157	0.402694	0.269614	0.865942	0.738663	0.628092	0.0166379043674199
intron	1	comp1438_c0_seq1	intron	99.2	NA	tscaffold2670_552417_570968	15887	1006	503	423	C	922	0.916501	A	84	0.083499006	0.151093439	NOT_MAP	NOT_MAP	NOT_MAP	no	60.04	0.4574	1.067	1.291	0.119	1.005367	0	tscaffold2670	568303	280.056666666667	0.15742	2.6676	0.221926666666667	0.145963333333333	0.91322	0.31403	0.53055	0.419296666666667	0.155093333333333	1.67635	0.244043333333333	0.172143333333333	0.414616666666667	0.251296666666667	0.191713666666667	0.229086666666667	0.168453333333333	0.364746333333333	0.34154	0.354333333333333	0.375723333333333	0.129533333333333	0.981928	0.694589	0.664767	0.863813	0.648092	0.926289	0.87861	0.140992	0.100264	0.261012	0.134219	0.123843	0.774654	0.201181	0.841983	0.78976	0.912202	0.458282143368138
intron	1	comp1438_c0_seq1	intron	99.2	NA	tscaffold2670_552417_570968	15979	1106	553	319	T	837	0.7567812	C	269	0.2432188065	0.359855335	GOOD	NOT_MAP	GOOD	no	59.98	0.4327	0.63	-0.652	-1.134	1.098982	0	tscaffold2670	568395	281.893333333333	0.193626666666667	12.6434666666667	0.62725	1.65199666666667	1.00255666666667	0.72839	0.50451	0.208043333333333	0.162123333333333	0.100161333333333	0.217733333333333	1.09816666666667	0.835066666666667	0.57818	0.25807	0.50161	0.346533333333333	0.23095	1.05361	0.221036666666667	0.278183333333333	0.129026666666667	0.765092	0.53376	0.112878	0.16617	0.260807	0.224609	0.277408	0.0526636	0.112382	0.122327	0.256521	0.279893	0.518569	0.504621	0.953185	0.979998	0.236368	0.0277492908008335
intron	1	comp1438_c0_seq1	intron	99.2	NA	tscaffold2670_552417_570968	15996	1122	561	400	C	949	0.8458111	G	173	0.1541889483	0.265597148	GOOD	NOT_MAP	GOOD	no	59.99	0.5404	0	-1.51	0.874	1.15045	0	tscaffold2670	568412	286.86	0.152513333333333	67.4933	0.37202	1.81295666666667	0.114933333333333	2.83829666666667	0.926953333333333	0.27266	0.15818	0.108011333333333	0.194676666666667	6.54444666666667	0.172836666666667	0.340906666666667	0.125006666666667	0.52214	0.195056666666667	0.134223333333333	1.21868333333333	0.162206666666667	0.194913333333333	0.21431	0.692817	0.611493	0.582112	0.350733	0.47372	0.326451	0.62909	0.0314655	0.0326602	0.0858047	0.105304	0.0774329	0.997756	0.678386	0.404243	0.384482	0.38653	0.00503653304920072
intron	1	comp1438_c0_seq1	intron	99.2	NA	tscaffold2670_552417_570968	16044	1060	530	333	A	846	0.7981132	G	214	0.2018867925	0.339622642	NOT_MAP	GOOD	NOT_MAP	no	59.99	0.858	1.49	-1.438	0.453	1.109474	0	tscaffold2670	568460	274.006666666667	0.534206666666667	0.27308	0.12608	0.508666666666667	0.14361	0.583456666666667	0.322216666666667	0.62213	0.112419333333333	0.130275666666667	0.19112	0.6128	0.232923333333333	0.62449	0.32829	0.524936666666667	0.4514	0.134221333333333	1.66173333333333	0.155953333333333	0.245826666666667	0.116626666666667	0.51098	0.646252	0.734842	0.70198	0.504435	0.329037	0.39916	0.0216337	0.010771	0.0196675	0.0340649	0.027186	0.443319	0.490884	0.0590701	0.854327	0.323919	0.055193240286829
intron	1	comp1438_c0_seq1	intron	99.2	NA	tscaffold2670_552417_570968	16127	910	455	218	T	621	0.6824176	C	289	0.3175824176	0.406593407	NOT_MAP	NOT_MAP	GOOD	no	60	5.4521	0	-0.188	1.021	1.117647	0	tscaffold2670	568543	292.433333333333	0.162963333333333	1.02984333333333	2.88374333333333	0.61814	0.206958	4.81405333333333	2.62722666666667	0.231086666666667	0.116496666666667	0.12692	0.195956666666667	1.79108	0.36276	1.04218	0.51099	1.34713	0.983913333333333	0.15831	0.842506666666667	0.123584333333333	0.160196666666667	0.114544666666667	0.530592	0.63969	0.0554135	0.779664	0.465751	0.974414	0.773604	0.969926	0.791273	0.788397	0.988614	0.744899	0.225427	0.425563	0.810161	0.528355	0.940781	0.0165723598966955
intron	1	comp1438_c0_seq1	intron	99.2	NA	tscaffold2670_552417_570968	16182	944	472	239	C	511	0.5413136	T	433	0.4586864407	0.506355932	NOT_MAP	NOT_MAP	GOOD	no	60.01	0.6588	1.783	-1.304	-0.63	1.180405	0	tscaffold2670	568598	279.676666666667	0.326226666666667	0.628746666666667	0.42629	1.42934666666667	0.145086666666667	1.46101333333333	0.810896666666667	0.316366666666667	0.137726666666667	0.139663333333333	0.246693333333333	2.6339	0.227083333333333	0.527916666666667	0.137235	0.424246666666667	0.227424	0.17851	1.21412666666667	0.292746666666667	0.60383	0.203336666666667	0.637469	0.302175	0.0426595	0.356162	0.903099	0.864628	0.844936	0.486663	0.587321	0.681207	0.588523	0.703659	0.603182	0.640081	0.392591	0.968169	0.876688	0.0113288022387433
intron	1	comp1438_c0_seq1	intron	99.2	NA	tscaffold2670_552417_570968	16263	1122	561	396	A	951	0.8475936	G	171	0.1524064171	0.28342246	NOT_MAP	GOOD	NOT_MAP	no	59.99	0.2991	0	-1.76	-0.3	1.009828	1	tscaffold2670	568679	272.613333333333	0.19154	0.189956666666667	0.159583333333333	0.264186666666667	0.234326666666667	0.20891	0.21534	0.198381333333333	0.229263333333333	0.170911666666667	0.63818	0.224133333333333	0.228143333333333	0.15893	0.13953	0.149186666666667	0.143536666666667	0.141070666666667	0.201533333333333	0.341936666666667	0.319096666666667	0.52848	0.711826	0.478108	0.643312	0.65606	0.187756	0.139345	0.17526	0.111841	0.144719	0.235001	0.187984	0.282693	0.630599	0.398961	0.140033	0.748634	0.13674	0.266708044944323
intron	1	comp1438_c0_seq1	intron	99.2	NA	tscaffold2670_552417_570968	16310	1126	563	249	A	727	0.6456483	G	399	0.3543516874	0.442273535	NOT_MAP	NOT_MAP	GOOD	no	60.04	2.26	0	-0.455	4.707	1.055814	1	tscaffold2670	568726	289.23	0.221316666666667	3.20521666666667	0.444233333333333	3.91599	0.177066666666667	1.67016333333333	0.65054	1.67619333333333	0.145786666666667	0.543213333333333	0.248426666666667	2.60635666666667	0.35514	2.8626	0.50123	4.23864666666667	1.58721	0.39283	12.9811666666667	0.179266666666667	0.247756666666667	0.18371	0.926529	0.391955	0.274368	0.908094	0.471424	0.74904	0.998431	0.473226	0.561891	0.695684	0.663347	0.710484	0.453141	0.873872	0.737379	0.486754	0.797409	0.0114431054011042
intron	1	comp1438_c0_seq1	intron	99.2	NA	tscaffold2670_552417_570968	16399	1158	579	278	G	686	0.5924007	A	472	0.4075993092	0.480138169	NOT_MAP	NOT_MAP	GOOD	no	60	1.2092	0	1.14	1.447	1.00038	0	tscaffold2670	568815	282.683333333333	0.689336666666667	2.03353333333333	0.180546666666667	1.66043666666667	0.121875	4.19857666666667	1.36638666666667	0.2924	0.234066666666667	0.103308333333333	0.246376666666667	8.37673	0.214133333333333	0.29649	0.165293333333333	0.318593333333333	0.203	0.662703333333333	1.84273666666667	0.194906666666667	0.338146666666667	0.197996666666667	0.891725	0.1025	0.222899	0.455565	0.83636	0.909309	0.865195	0.713798	0.956926	0.738976	0.660148	0.907161	0.70979	0.83325	0.355214	0.929451	0.920206	0.00413010097845106
intron	1	comp1438_c0_seq1	intron	99.2	NA	tscaffold2670_552417_570968	16623	1200	600	515	C	1113	0.9275	T	87	0.0725	0.138333333	NOT_MAP	NOT_MAP	NOT_MAP	no	60.06	0.6267	0	-1.138	0.499	1.097458	0	tscaffold2670	569039	268.04	0.222063333333333	0.338833333333333	0.326166666666667	0.265086666666667	0.540593333333333	0.18979	0.14134	0.192450666666667	0.199317	0.214065	0.17574	0.22192	0.41476	0.149803333333333	0.155657666666667	0.149326666666667	0.138556666666667	0.208263333333333	0.133153333333333	0.294133333333333	0.58256	0.14195	0.0102819	0.510789	0.247545	0.726962	0.838118	0.826093	0.931093	0.358122	0.0926764	0.223194	0.051823	0.0727361	0.375969	0.780948	0.839187	0.77761	0.863344	0.271979179239348
intron	1	comp1438_c0_seq1	intron	99.2	NA	tscaffold2670_552417_570968	16657	1184	592	526	T	1114	0.9408784	C	70	0.0591216216	0.10472973	NOT_MAP	NOT_MAP	NOT_MAP	no	60.06	2.2395	0	-1.401	-2.331	1.085561	0	tscaffold2670	569073	275.436666666667	0.136236666666667	0.520383333333333	0.166626666666667	0.103386666666667	0.099327	0.107072666666667	0.101333333333333	0.125623333333333	0.358006666666667	0.103521	0.284016666666667	0.0994356666666667	0.112837	0.154258666666667	0.139960333333333	0.175387333333333	0.169057333333333	0.0928556666666667	0.115168333333333	0.099545	0.12277	0.15284	0.956412	0.3817	0.438531	0.655496	0.388361	0.788027	0.851581	0.700166	0.446269	0.416636	0.416847	0.383789	0.342539	0.206481	0.695274	0.814705	0.791801	0.876666088489831
intron	1	comp1438_c0_seq1	intron	99.2	NA	tscaffold2670_552417_570968	16659	1194	597	291	C	675	0.5653266	T	519	0.4346733668	0.487437186	NOT_MAP	NOT_MAP	GOOD	no	60.06	2.1623	0.521	-0.373	8.993	1.009273	0	tscaffold2670	569075	281.516666666667	0.381156666666667	0.28011	0.153883333333333	1.28858333333333	0.142252	2.58047666666667	9.59344666666667	0.899806666666667	0.231413333333333	0.201126666666667	0.229936666666667	0.978496666666667	0.306426666666667	0.978303333333333	0.287193333333333	0.67565	0.54219	0.223643333333333	1.62665666666667	0.162543333333333	0.326966666666667	0.14472	0.774466	0.389328	0.707084	0.763146	0.524831	0.674694	0.82947	0.375859	0.36195	0.864746	0.631312	0.409033	0.227834	0.754427	0.539166	0.717445	0.692835	0.0314821283408696
intron	1	comp1438_c0_seq1	intron	99.2	NA	tscaffold2670_552417_570968	16812	1208	604	536	C	1135	0.9395695	T	73	0.0604304636	0.104304636	NOT_MAP	NOT_MAP	NOT_MAP	no	60.11	1.1669	0	0.888	-0.57	1.156716	0	tscaffold2670	569228	278.256666666667	0.185766666666667	0.491396666666667	0.139506666666667	0.146473333333333	0.118676666666667	0.148326666666667	0.15766	0.102366	0.332276666666667	0.083871	0.199186666666667	0.140507666666667	0.142083333333333	0.12327	0.309896666666667	0.120126666666667	0.1905	0.111516666666667	0.145393333333333	0.106742333333333	0.175693333333333	0.131023333333333	0.981789	0.406021	0.444416	0.707152	0.424897	0.82906	0.895341	0.66426	0.446521	0.414475	0.442512	0.400423	0.332016	0.187089	0.680641	0.800684	0.833537	0.674474585131477
intron	1	comp1438_c0_seq1	intron	99.2	NA	tscaffold2670_552417_570968	16847	1208	604	291	A	677	0.5604305	C	531	0.4395695364	0.481788079	NOT_MAP	NOT_MAP	GOOD	no	60.1	4.1454	0.524	-0.41	0.605	1.085439	0	tscaffold2670	569263	281.266666666667	1.88083666666667	1.24856666666667	0.23744	6.77100333333333	0.165963333333333	29.2171966666667	2.85909	0.309916666666667	0.136076666666667	0.149986666666667	0.204796666666667	38.1676733333333	0.317343333333333	0.731843333333333	0.204743333333333	0.61862	0.314133333333333	0.160083333333333	10.3613566666667	0.182156666666667	0.50475	0.1831	0.606489	0.408751	0.739013	0.786176	0.551039	0.624105	0.751708	0.426874	0.410301	0.916642	0.691756	0.447631	0.234092	0.792099	0.516231	0.815072	0.629299	0.00133966503578169
intron	1	comp1438_c0_seq1	intron	99.2	NA	tscaffold2670_552417_570968	16856	1216	608	509	C	1114	0.9161184	A	102	0.0838815789	0.157894737	NOT_MAP	NOT_MAP	NOT_MAP	no	60.09	4.5993	0	-0.61	4.679	1.394027	0	tscaffold2670	569272	269.066666666667	0.252243333333333	4.58293333333333	0.172016666666667	0.125537	0.190223333333333	0.131117	0.153516666666667	0.133796666666667	0.157609666666667	0.123643	0.1735	0.127586333333333	0.155366666666667	0.120453333333333	0.149710666666667	0.12778	0.12251	0.139378333333333	0.12745	0.143502	0.194883333333333	0.124476666666667	0.517167	0.993634	0.439137	0.343418	0.203162	0.614069	0.772164	0.0204178	0.0257767	0.229634	0.0787115	0.063919	0.19629	0.440922	0.892983	0.677457	0.642872	0.772575074396971
intron	1	comp1438_c0_seq1	intron	99.2	NA	tscaffold2670_552417_570968	17070	1232	616	546	C	1157	0.9391234	T	75	0.0608766234	0.105519481	NOT_MAP	NOT_MAP	NOT_MAP	no	59.98	1.6207	0	0.504	-1.717	1.091255	0	tscaffold2670	569486	275.783333333333	0.126436666666667	0.896406666666667	0.206546666666667	0.147043333333333	0.106393333333333	0.161836666666667	0.138807666666667	0.244276666666667	0.277903333333333	0.11339	0.32049	0.15543	0.141263333333333	0.19201	0.157853333333333	0.175173333333333	0.177023333333333	0.13009	0.26187	0.103654	0.132126666666667	0.151386666666667	0.95758	0.376845	0.402231	0.650718	0.394583	0.789239	0.856492	0.700501	0.45664	0.420733	0.438244	0.396848	0.334046	0.201581	0.725547	0.807146	0.794068	0.562421116829822
intron	1	comp1438_c0_seq1	intron	99.2	NA	tscaffold2670_552417_570968	17152	1210	605	548	A	1148	0.9487603	G	62	0.0512396694	0.085950413	NOT_MAP	NOT_MAP	NOT_MAP	no	59.96	0.7087	0	1.161	1.602	1.102362	0	tscaffold2670	569568	279.09	0.387856666666667	0.536863333333333	0.199766666666667	0.192133333333333	0.111403333333333	0.193113333333333	0.145443333333333	0.105665666666667	0.272026666666667	0.106258333333333	0.242376666666667	0.244446666666667	0.130343333333333	0.141466666666667	0.134303333333333	0.122806666666667	0.13156	0.108825333333333	0.13202	0.11586	0.16905	0.138718666666667	0.872837	0.451189	0.364908	0.64832	0.324125	0.660364	0.80705	0.54617	0.311842	0.276386	0.350124	0.270339	0.500108	0.258347	0.734762	0.628808	0.6882	0.225461788772552
intron	1	comp1438_c0_seq1	intron	99.2	NA	tscaffold2670_552417_570968	17190	1190	595	286	C	686	0.5764706	G	504	0.4235294118	0.480672269	NOT_MAP	NOT_MAP	GOOD	no	59.96	1.7786	0	0.028	1.49	1.006223	0	tscaffold2670	569606	277.993333333333	0.35842	0.282066666666667	0.223836666666667	5.54795333333333	0.208646333333333	1.37319666666667	0.40037	0.21802	0.170083333333333	0.109022	0.207166666666667	1.99492333333333	0.489633333333333	0.779433333333333	0.185249333333333	0.382333333333333	0.237694333333333	0.125513333333333	1.31244333333333	0.497624333333333	1.45223333333333	0.168523333333333	0.549574	0.630125	0.876558	0.829229	0.641418	0.798463	0.928938	0.581021	0.613026	0.864993	0.732851	0.654857	0.298209	0.591329	0.624012	0.754325	0.812877	0.0147874720536761
5primeUTR	1	comp1438_c0_seq1	3052	99.2	NA	tscaffold2670_552417_570968	17540	1136	568	309	C	832	0.7323944	A	304	0.2676056338	0.376760563	NOT_MAP	NOT_MAP	NOT_MAP	no	55.96	1.0375	2.001	33.18	9.516	1.081112	1	tscaffold2670	569956	280.233333333333	0.150243333333333	1102.66186666667	0.187126666666667	0.166993333333333	0.19298	0.204542333333333	0.189556333333333	2.44145	0.168493333333333	0.45612	0.217036666666667	0.167975333333333	0.18491	0.232303333333333	0.219276	0.358346666666667	0.185133333333333	0.27535	0.525116666666667	0.17702	0.25898	0.15989	0.0925492	0.340026	0.104373	0.929111	0.905298	0.734225	0.543753	0.73286	0.998966	0.563276	0.903571	0.90138	0.416569	0.260101	0.587011	0.383558	0.677559	0.48199165666847
5primeUTR	1	comp1438_c0_seq1	3273	99.2	NA	tscaffold2670_552417_570968	17761	922	461	302	A	740	0.802603	G	182	0.1973969631	0.295010846	GOOD	NOT_MAP	GOOD	no	56.72	1.0146	0	10.032	1.96	1.065614	2	tscaffold2670	570177	283.62	0.1409	26.9368666666667	0.76608	0.562736666666667	0.17324	1.04954333333333	1.41716	0.31822	0.141298666666667	0.145563333333333	0.289433333333333	0.792816666666667	0.272446666666667	1.75701333333333	0.33813	0.87744	0.608206666666667	0.137206666666667	1.16393	0.136043333333333	0.145656666666667	0.13879	0.827703	0.645526	0.245581	0.0870301	0.0761999	0.1144	0.146032	0.0594889	0.178658	0.703457	0.418482	0.423705	0.691143	0.470105	0.284816	0.720508	0.113579	0.040144389673069
5primeUTR	1	comp1438_c0_seq1	3281	99.2	NA	tscaffold2670_552417_570968	17769	912	456	388	A	841	0.9221491	C	71	0.0778508772	0.14254386	NOT_MAP	NOT_MAP	NOT_MAP	no	58.63	0.9421	0	6.957	0.244	1.064865	0	tscaffold2670	570185	281.243333333333	0.84749	9.77114	0.284926666666667	0.13849	0.0998926666666667	0.166243333333333	0.15972	0.137916666666667	0.127733333333333	0.127551666666667	0.211593333333333	0.181506666666667	0.106083333333333	0.114652	0.114367	0.122051	0.117208	0.120059	0.12264	0.105335	0.160273333333333	0.137396666666667	0.670563	0.435488	0.739637	0.269967	0.447118	0.290203	0.236507	0.13888	0.259393	0.182034	0.483746	0.512773	0.674728	0.610334	0.14236	0.396788	0.261944	0.410475045541417
